Customer ID,Recency,Frequency,Monetary,R_Score,F_Score,M_Score,RFM_Score,RFM_Total,Segment
12346.0,325,12,77556.46,2,5,5,255,12,At Risk
12347.0,2,8,4921.53,5,4,5,545,14,Champions
12348.0,75,5,2019.4,3,4,4,344,11,Loyal Customers
12349.0,18,4,4428.69,5,3,5,535,13,Potential Loyalists
12350.0,310,1,334.4,2,1,2,212,5,Hibernating
12351.0,375,1,300.93,2,1,2,212,5,Hibernating
12352.0,36,10,2849.84,4,5,4,454,13,Champions
12353.0,204,2,406.76,2,2,2,222,6,Hibernating
12354.0,232,1,1079.4,2,1,3,213,6,Others
12355.0,214,2,947.61,2,2,3,223,7,Others
12356.0,22,6,6371.73,4,4,5,445,13,Champions
12357.0,33,3,18287.66,4,3,5,435,12,Potential Loyalists
12358.0,1,5,3887.07,5,4,5,545,14,Champions
12359.0,57,10,8873.39,4,5,5,455,14,Champions
12360.0,52,8,4252.89,4,4,5,445,13,Champions
12361.0,287,4,511.25,2,3,2,232,7,Others
12362.0,3,11,5356.23,5,5,5,555,15,Champions
12363.0,109,2,552.0,3,2,2,322,7,Others
12364.0,7,4,1313.1,5,3,4,534,12,Potential Loyalists
12365.0,291,2,641.38,2,2,3,223,7,Others
12366.0,633,1,500.24,1,1,2,112,4,Hibernating
12367.0,4,1,168.9,5,1,1,511,7,Others
12368.0,628,1,917.6999999999999,1,1,3,113,5,Others
12369.0,413,3,1791.15,1,3,4,134,8,At Risk
12370.0,51,7,4316.56,4,4,5,445,13,Champions
12371.0,44,5,4067.38,4,4,5,445,13,Champions
12372.0,71,3,1298.04,3,3,4,334,10,Others
12373.0,311,3,1127.65,2,3,3,233,8,At Risk
12374.0,25,4,2989.2200000000003,4,3,5,435,12,Potential Loyalists
12375.0,10,2,457.5,5,2,2,522,9,Potential Loyalists
12376.0,389,2,503.15,2,2,2,222,6,Hibernating
12377.0,315,4,3426.32,2,3,5,235,10,At Risk
12378.0,129,2,5416.32,3,2,5,325,10,Others
12379.0,81,4,1620.22,3,3,4,334,10,Others
12380.0,21,11,9676.300000000001,4,5,5,455,14,Champions
12381.0,4,5,1845.31,5,4,4,544,13,Champions
12383.0,184,5,1850.56,3,4,4,344,11,Loyal Customers
12384.0,28,2,585.27,4,2,2,422,8,Potential Loyalists
12385.0,379,1,1938.4,2,1,4,214,7,Others
12386.0,337,2,401.9,2,2,2,222,6,Hibernating
12387.0,415,1,143.94,1,1,1,111,3,Hibernating
12388.0,15,8,3901.11,5,4,5,545,14,Champions
12389.0,402,3,1433.33,2,3,4,234,9,At Risk
12390.0,79,1,549.84,3,1,2,312,6,Others
12391.0,21,6,2724.84,4,4,4,444,12,Champions
12392.0,591,1,234.75000000000003,1,1,1,111,3,Hibernating
12393.0,72,6,2399.4500000000003,3,4,4,344,11,Loyal Customers
12394.0,63,2,1272.48,3,2,4,324,9,Others
12395.0,19,15,4721.17,5,5,5,555,15,Champions
12396.0,674,1,931.43,1,1,3,113,5,Others
12397.0,35,2,2409.9,4,2,4,424,10,Potential Loyalists
12398.0,45,1,1635.6599999999999,4,1,4,414,9,Potential Loyalists
12399.0,119,7,1962.3,3,4,4,344,11,Loyal Customers
12400.0,414,1,205.25,1,1,1,111,3,Hibernating
12401.0,303,1,84.3,2,1,1,211,4,Hibernating
12402.0,323,6,1256.9,2,4,4,244,10,At Risk
12403.0,49,2,1019.36,4,2,3,423,9,Potential Loyalists
12404.0,682,1,63.24,1,1,1,111,3,Hibernating
12405.0,148,1,1710.39,3,1,4,314,8,Others
12406.0,22,5,6390.36,4,4,5,445,13,Champions
12407.0,49,5,1708.1200000000001,4,4,4,444,12,Champions
12408.0,32,8,4340.7699999999995,4,4,5,445,13,Champions
12409.0,78,7,23419.29,3,4,5,345,12,Loyal Customers
12410.0,308,3,1013.71,2,3,3,233,8,At Risk
12411.0,409,1,346.9,2,1,2,212,5,Hibernating
12412.0,74,6,2596.93,3,4,4,344,11,Loyal Customers
12413.0,66,4,999.45,3,3,3,333,9,Others
12414.0,217,6,952.41,2,4,3,243,9,At Risk
12415.0,24,28,144458.37,4,5,5,455,14,Champions
12416.0,656,1,202.56,1,1,1,111,3,Hibernating
12417.0,3,20,6797.41,5,5,5,555,15,Champions
12418.0,112,4,2021.2,3,3,4,334,10,Others
12419.0,385,2,503.01,2,2,2,222,6,Hibernating
12420.0,63,1,600.39,3,1,2,312,6,Others
12421.0,15,6,1098.6,5,4,3,543,12,Loyal Customers
12422.0,95,17,5231.8,3,5,5,355,13,Loyal Customers
12423.0,0,10,2622.39,5,5,4,554,14,Champions
12424.0,162,4,3340.03,3,3,5,335,11,Others
12425.0,78,2,1741.41,3,2,4,324,9,Others
12426.0,194,2,1345.21,2,2,4,224,8,Others
12427.0,21,3,825.8,4,3,3,433,10,Potential Loyalists
12428.0,25,9,7956.46,4,5,5,455,14,Champions
12429.0,9,8,6204.41,5,4,5,545,14,Champions
12430.0,43,1,256.4,4,1,1,411,6,Others
12431.0,35,27,10432.22,4,5,5,455,14,Champions
12432.0,42,5,5059.32,4,4,5,445,13,Champions
12433.0,0,10,16794.14,5,5,5,555,15,Champions
12434.0,84,3,1103.43,3,3,3,333,9,Others
12435.0,79,6,13925.93,3,4,5,345,12,Loyal Customers
12436.0,99,1,509.01,3,1,2,312,6,Others
12437.0,1,39,12683.4,5,5,5,555,15,Champions
12438.0,14,2,2906.85,5,2,4,524,11,Potential Loyalists
12439.0,682,2,1142.88,1,2,3,123,6,Others
12440.0,462,2,859.2,1,2,3,123,6,Others
12441.0,366,1,173.55,2,1,1,211,4,Hibernating
12442.0,3,1,172.06,5,1,1,511,7,Others
12443.0,732,1,485.31,1,1,2,112,4,Hibernating
12444.0,21,5,5005.46,4,4,5,445,13,Champions
12445.0,22,2,434.98,4,2,2,422,8,Potential Loyalists
12446.0,57,1,1002.3100000000001,4,1,3,413,8,Potential Loyalists
12447.0,243,1,476.49,2,1,2,212,5,Hibernating
12448.0,44,1,449.45,4,1,2,412,7,Potential Loyalists
12449.0,22,6,4835.89,4,4,5,445,13,Champions
12450.0,156,5,688.2,3,4,3,343,10,Loyal Customers
12451.0,10,8,12669.88,5,4,5,545,14,Champions
12452.0,16,2,430.57,5,2,2,522,9,Potential Loyalists
12453.0,134,1,707.09,3,1,3,313,7,Others
12454.0,56,5,16679.78,4,4,5,445,13,Champions
12455.0,73,10,5879.95,3,5,5,355,13,Loyal Customers
12456.0,44,3,3181.04,4,3,5,435,12,Potential Loyalists
12457.0,66,8,2995.91,3,4,5,345,12,Loyal Customers
12458.0,71,4,1777.49,3,3,4,334,10,Others
12459.0,605,1,454.36,1,1,2,112,4,Hibernating
12460.0,456,1,326.65,1,1,2,112,4,Hibernating
12461.0,94,2,826.88,3,2,3,323,8,Others
12462.0,18,2,1189.59,5,2,3,523,10,Potential Loyalists
12463.0,53,4,1344.78,4,3,4,434,11,Potential Loyalists
12464.0,10,8,1212.05,5,4,3,543,12,Loyal Customers
12465.0,17,2,742.1899999999999,5,2,3,523,10,Potential Loyalists
12466.0,682,1,56.73,1,1,1,111,3,Hibernating
12467.0,423,1,132.8,1,1,1,111,3,Hibernating
12468.0,187,5,3670.74,3,4,5,345,12,Loyal Customers
12469.0,522,2,3070.54,1,2,5,125,8,Others
12470.0,689,1,211.95,1,1,1,111,3,Hibernating
12471.0,2,79,39918.19,5,5,5,555,15,Champions
12472.0,32,19,16249.289999999999,4,5,5,455,14,Champions
12473.0,29,5,3928.0499999999997,4,4,5,445,13,Champions
12474.0,17,31,12372.75,5,5,5,555,15,Champions
12475.0,53,2,1149.64,4,2,3,423,9,Potential Loyalists
12476.0,15,23,14083.91,5,5,5,555,15,Champions
12477.0,22,9,20276.37,4,5,5,455,14,Champions
12478.0,3,1,680.99,5,1,3,513,9,Potential Loyalists
12479.0,11,1,527.2,5,1,2,512,8,Potential Loyalists
12480.0,28,7,5464.85,4,4,5,445,13,Champions
12481.0,22,15,12185.51,4,5,5,455,14,Champions
12482.0,576,29,23691.4,1,5,5,155,11,At Risk
12483.0,17,19,5097.18,5,5,5,555,15,Champions
12484.0,32,12,6354.1,4,5,5,455,14,Champions
12485.0,529,1,708.1,1,1,3,113,5,Others
12486.0,431,1,1037.28,1,1,3,113,5,Others
12487.0,730,1,285.29999999999995,1,1,1,111,3,Hibernating
12488.0,9,3,1298.66,5,3,4,534,12,Potential Loyalists
12489.0,336,1,334.93,2,1,2,212,5,Hibernating
12490.0,5,21,9823.64,5,5,5,555,15,Champions
12491.0,38,1,460.40000000000003,4,1,2,412,7,Potential Loyalists
12492.0,63,3,715.21,3,3,3,333,9,Others
12493.0,165,2,433.74,3,2,2,322,7,Others
12494.0,15,9,1815.27,5,5,4,554,14,Champions
12495.0,640,1,357.4,1,1,2,112,4,Hibernating
12496.0,620,2,45.34,1,2,1,121,4,Hibernating
12497.0,81,3,6248.5,3,3,5,335,11,Others
12498.0,21,3,403.70000000000005,4,3,2,432,9,Potential Loyalists
12499.0,560,1,393.72,1,1,2,112,4,Hibernating
12500.0,23,19,5955.21,4,5,5,455,14,Champions
12501.0,336,1,2169.39,2,1,4,214,7,Others
12502.0,95,5,3723.87,3,4,5,345,12,Loyal Customers
12503.0,584,1,1126.0,1,1,3,113,5,Others
12504.0,18,4,779.05,5,3,3,533,11,Potential Loyalists
12505.0,408,1,955.2,2,1,3,213,6,Others
12506.0,232,1,73.5,2,1,1,211,4,Hibernating
12507.0,134,4,1844.06,3,3,4,334,10,Others
12508.0,26,2,397.88,4,2,2,422,8,Potential Loyalists
12509.0,284,1,176.5,2,1,1,211,4,Hibernating
12510.0,142,9,5178.02,3,5,5,355,13,Loyal Customers
12511.0,428,1,3084.02,1,1,5,115,7,Others
12512.0,66,2,132.18,3,2,1,321,6,Others
12513.0,112,1,612.29,3,1,3,313,7,Others
12514.0,267,2,1597.76,2,2,4,224,8,Others
12515.0,353,1,383.7,2,1,2,212,5,Hibernating
12516.0,77,4,2648.62,3,3,4,334,10,Others
12517.0,28,5,2481.6,4,4,4,444,12,Champions
12518.0,0,5,2056.89,5,4,4,544,13,Champions
12519.0,63,2,716.54,3,2,3,323,8,Others
12520.0,79,5,2634.26,3,4,4,344,11,Loyal Customers
12521.0,142,1,599.68,3,1,2,312,6,Others
12522.0,39,2,192.72,4,2,1,421,7,Others
12523.0,19,23,4352.35,5,5,5,555,15,Champions
12524.0,9,17,11126.11,5,5,5,555,15,Champions
12525.0,498,3,973.73,1,3,3,133,7,At Risk
12526.0,0,3,1316.66,5,3,4,534,12,Potential Loyalists
12527.0,81,5,735.51,3,4,3,343,10,Loyal Customers
12528.0,9,6,1933.48,5,4,4,544,13,Champions
12529.0,528,1,316.48,1,1,2,112,4,Hibernating
12530.0,59,9,3759.26,3,5,5,355,13,Loyal Customers
12531.0,14,2,1933.2,5,2,4,524,11,Potential Loyalists
12532.0,30,1,349.83000000000004,4,1,2,412,7,Potential Loyalists
12533.0,627,2,1367.89,1,2,4,124,7,Others
12534.0,130,1,1089.18,3,1,3,313,7,Others
12535.0,91,2,716.35,3,2,3,323,8,Others
12536.0,43,3,12601.830000000002,4,3,5,435,12,Potential Loyalists
12537.0,408,1,732.94,2,1,3,213,6,Others
12538.0,29,2,640.45,4,2,3,423,9,Potential Loyalists
12539.0,22,7,11214.75,4,4,5,445,13,Champions
12540.0,19,33,22254.49,5,5,5,555,15,Champions
12541.0,29,3,981.18,4,3,3,433,10,Potential Loyalists
12542.0,484,2,481.88,1,2,2,122,5,Hibernating
12543.0,448,1,980.25,1,1,3,113,5,Others
12544.0,36,1,372.7,4,1,2,412,7,Potential Loyalists
12545.0,75,2,1000.39,3,2,3,323,8,Others
12546.0,46,2,1161.5,4,2,3,423,9,Potential Loyalists
12547.0,197,3,383.58,2,3,2,232,7,Others
12548.0,166,1,95.19999999999999,3,1,1,311,5,Others
12549.0,575,6,1575.68,1,4,4,144,9,At Risk
12550.0,79,1,964.83,3,1,3,313,7,Others
12551.0,357,1,168.0,2,1,1,211,4,Hibernating
12552.0,38,2,437.82,4,2,2,422,8,Potential Loyalists
12553.0,8,12,4608.75,5,5,5,555,15,Champions
12554.0,448,1,468.5,1,1,2,112,4,Hibernating
12555.0,682,1,129.23,1,1,1,111,3,Hibernating
12556.0,50,2,599.56,4,2,2,422,8,Potential Loyalists
12557.0,16,8,18096.14,5,4,5,545,14,Champions
12558.0,7,1,269.96,5,1,1,511,7,Others
12559.0,310,2,561.71,2,2,2,222,6,Hibernating
12560.0,5,3,2134.01,5,3,4,534,12,Potential Loyalists
12561.0,302,1,238.85,2,1,1,211,4,Hibernating
12562.0,8,9,4966.92,5,5,5,555,15,Champions
12563.0,408,1,249.24,2,1,1,211,4,Hibernating
12564.0,261,1,456.9,2,1,2,212,5,Hibernating
12565.0,288,1,145.92,2,1,1,211,4,Hibernating
12566.0,86,1,351.65,3,1,2,312,6,Others
12567.0,22,15,11767.48,4,5,5,455,14,Champions
12568.0,644,1,70.0,1,1,1,111,3,Hibernating
12569.0,2,32,4124.69,5,5,5,555,15,Champions
12570.0,682,1,77.52,1,1,1,111,3,Hibernating
12571.0,39,2,519.61,4,2,2,422,8,Potential Loyalists
12572.0,8,2,1020.42,5,2,3,523,10,Potential Loyalists
12573.0,227,5,717.41,2,4,3,243,9,At Risk
12574.0,315,1,218.45,2,1,1,211,4,Hibernating
12575.0,457,2,622.8199999999999,1,2,3,123,6,Others
12576.0,35,8,2142.72,4,4,4,444,12,Champions
12577.0,35,8,1617.1,4,4,4,444,12,Champions
12578.0,21,4,4642.45,4,3,5,435,12,Potential Loyalists
12579.0,78,1,440.42,3,1,2,312,6,Others
12580.0,246,2,1052.9,2,2,3,223,7,Others
12581.0,39,1,197.71,4,1,1,411,6,Others
12582.0,238,4,1980.4,2,3,4,234,9,At Risk
12583.0,2,27,13591.58,5,5,5,555,15,Champions
12584.0,3,9,2338.15,5,5,4,554,14,Champions
12585.0,234,2,2040.1,2,2,4,224,8,Others
12586.0,17,4,2062.67,5,3,4,534,12,Potential Loyalists
12587.0,7,1,144.0,5,1,1,511,7,Others
12588.0,39,4,958.78,4,3,3,433,10,Potential Loyalists
12589.0,28,8,4695.66,4,4,5,445,13,Champions
12590.0,211,2,9864.26,2,2,5,225,9,Others
12591.0,317,3,1338.95,2,3,4,234,9,At Risk
12592.0,92,5,2582.66,3,4,4,344,11,Loyal Customers
12593.0,108,3,418.09999999999997,3,3,2,332,8,Others
12594.0,37,15,5090.110000000001,4,5,5,455,14,Champions
12595.0,504,1,299.02,1,1,2,112,4,Hibernating
12596.0,51,2,618.27,4,2,3,423,9,Potential Loyalists
12597.0,19,4,3811.22,5,3,5,535,13,Potential Loyalists
12598.0,9,11,4534.09,5,5,5,555,15,Champions
12599.0,29,13,2296.72,4,5,4,454,13,Champions
12600.0,28,21,4967.42,4,5,5,455,14,Champions
12601.0,189,6,681.26,3,4,3,343,10,Loyal Customers
12602.0,58,1,153.12,4,1,1,411,6,Others
12603.0,21,1,739.1999999999999,4,1,3,413,8,Potential Loyalists
12604.0,79,2,254.18,3,2,1,321,6,Others
12605.0,376,4,1232.95,2,3,4,234,9,At Risk
12606.0,682,1,21.0,1,1,1,111,3,Hibernating
12607.0,60,1,1579.51,3,1,4,314,8,Others
12608.0,404,1,415.79,2,1,2,212,5,Hibernating
12609.0,78,9,3435.86,3,5,5,355,13,Loyal Customers
12610.0,22,5,2099.54,4,4,4,444,12,Champions
12611.0,52,1,1193.32,4,1,3,413,8,Potential Loyalists
12612.0,74,1,704.0400000000001,3,1,3,313,7,Others
12613.0,57,10,6817.37,4,5,5,455,14,Champions
12614.0,277,1,315.6,2,1,2,212,5,Hibernating
12615.0,2,8,5740.98,5,4,5,545,14,Champions
12616.0,95,3,1131.1,3,3,3,333,9,Others
12617.0,29,1,352.98,4,1,2,412,7,Potential Loyalists
12618.0,21,1,177.31,4,1,1,411,6,Others
12619.0,16,10,3781.38,5,5,5,555,15,Champions
12620.0,14,3,1339.41,5,3,4,534,12,Potential Loyalists
12621.0,1,35,24311.2,5,5,5,555,15,Champions
12622.0,232,1,180.1,2,1,1,211,4,Hibernating
12623.0,276,7,3747.84,2,4,5,245,11,At Risk
12624.0,106,2,641.13,3,2,3,323,8,Others
12625.0,211,4,5164.88,2,3,5,235,10,At Risk
12626.0,23,9,6620.48,4,5,5,455,14,Champions
12627.0,10,7,4478.53,5,4,5,545,14,Champions
12628.0,4,3,786.46,5,3,3,533,11,Potential Loyalists
12629.0,385,2,1558.22,2,2,4,224,8,Others
12630.0,9,2,1270.88,5,2,4,524,11,Potential Loyalists
12631.0,57,6,3481.57,4,4,5,445,13,Champions
12632.0,520,2,804.88,1,2,3,123,6,Others
12633.0,58,7,5678.16,4,4,5,445,13,Champions
12634.0,535,2,490.0,1,2,2,122,5,Hibernating
12635.0,89,4,2930.41,3,3,5,335,11,Others
12636.0,738,1,141.0,1,1,1,111,3,Hibernating
12637.0,67,12,8283.81,3,5,5,355,13,Loyal Customers
12638.0,33,2,921.49,4,2,3,423,9,Potential Loyalists
12639.0,238,3,1312.37,2,3,4,234,9,At Risk
12640.0,23,3,1174.58,4,3,3,433,10,Potential Loyalists
12641.0,115,1,185.9,3,1,1,311,5,Others
12642.0,25,3,1013.26,4,3,3,433,10,Potential Loyalists
12643.0,128,12,8304.82,3,5,5,355,13,Loyal Customers
12644.0,129,4,1918.49,3,3,4,334,10,Others
12645.0,33,8,3539.3,4,4,5,445,13,Champions
12646.0,4,2,1346.97,5,2,4,524,11,Potential Loyalists
12647.0,22,36,16955.55,4,5,5,455,14,Champions
12648.0,154,4,1112.0,3,3,3,333,9,Others
12649.0,107,8,2294.65,3,4,4,344,11,Loyal Customers
12650.0,3,1,314.44,5,1,2,512,8,Potential Loyalists
12651.0,334,4,377.75,2,3,2,232,7,Others
12652.0,331,2,1017.03,2,2,3,223,7,Others
12653.0,148,3,4160.83,3,3,5,335,11,Others
12654.0,10,5,601.98,5,4,2,542,11,Others
12655.0,423,1,261.35,1,1,1,111,3,Hibernating
12656.0,17,8,6407.83,5,4,5,545,14,Champions
12657.0,11,4,1643.18,5,3,4,534,12,Potential Loyalists
12658.0,18,1,686.05,5,1,3,513,9,Potential Loyalists
12659.0,29,1,91.68,4,1,1,411,6,Others
12660.0,11,1,245.1,5,1,1,511,7,Others
12661.0,436,1,162.0,1,1,1,111,3,Hibernating
12662.0,0,20,6726.54,5,5,5,555,15,Champions
12663.0,624,2,239.4,1,2,1,121,4,Hibernating
12664.0,8,11,6070.04,5,5,5,555,15,Champions
12665.0,324,3,313.6,2,3,2,232,7,Others
12666.0,394,1,1248.42,2,1,4,214,7,Others
12667.0,58,1,620.13,4,1,3,413,8,Potential Loyalists
12668.0,11,10,11383.03,5,5,5,555,15,Champions
12669.0,150,3,2744.0299999999997,3,3,4,334,10,Others
12670.0,10,7,3760.29,5,4,5,545,14,Champions
12671.0,606,1,2622.481,1,1,4,114,6,Others
12672.0,329,2,437.05,2,2,2,222,6,Hibernating
12673.0,5,3,1230.02,5,3,4,534,12,Potential Loyalists
12674.0,38,4,1970.6,4,3,4,434,11,Potential Loyalists
12675.0,553,2,957.25,1,2,3,123,6,Others
12676.0,24,11,2843.09,4,5,4,454,13,Champions
12677.0,555,2,395.1,1,2,2,122,5,Hibernating
12678.0,42,21,34281.18,4,5,5,455,14,Champions
12679.0,58,4,1113.02,4,3,3,433,10,Potential Loyalists
12680.0,0,4,880.81,5,3,3,533,11,Potential Loyalists
12681.0,14,45,29834.76,5,5,5,555,15,Champions
12682.0,3,52,22950.22,5,5,5,555,15,Champions
12683.0,4,21,11633.7,5,5,5,555,15,Champions
12684.0,7,7,2283.63,5,4,4,544,13,Champions
12685.0,28,6,2863.08,4,4,4,444,12,Champions
12686.0,371,1,89.14,2,1,1,211,4,Hibernating
12687.0,480,2,2138.91,1,2,4,124,7,Others
12688.0,113,1,4873.8099999999995,3,1,5,315,9,Others
12689.0,25,2,1247.61,4,2,4,424,10,Potential Loyalists
12690.0,205,1,389.01,2,1,2,212,5,Hibernating
12691.0,28,7,1170.4,4,4,3,443,11,Loyal Customers
12692.0,637,1,110.95,1,1,1,111,3,Hibernating
12693.0,127,7,1703.02,3,4,4,344,11,Loyal Customers
12694.0,70,3,1843.35,3,3,4,334,10,Others
12695.0,7,7,1407.1200000000001,5,4,4,544,13,Champions
12696.0,434,2,851.91,1,2,3,123,6,Others
12697.0,28,3,957.59,4,3,3,433,10,Potential Loyalists
12698.0,590,1,339.75,1,1,2,112,4,Hibernating
12699.0,417,1,638.11,1,1,3,113,5,Others
12700.0,7,4,4939.99,5,3,5,535,13,Potential Loyalists
12701.0,79,6,2446.41,3,4,4,344,11,Loyal Customers
12702.0,19,1,219.0,5,1,1,511,7,Others
12703.0,71,4,1006.53,3,3,3,333,9,Others
12704.0,7,8,2340.84,5,4,4,544,13,Champions
12705.0,15,14,11762.1,5,5,5,555,15,Champions
12707.0,291,1,603.42,2,1,2,212,5,Hibernating
12708.0,29,18,5117.66,4,5,5,455,14,Champions
12709.0,15,34,30291.76,5,5,5,555,15,Champions
12710.0,96,3,1149.02,3,3,3,333,9,Others
12711.0,611,2,1339.05,1,2,4,124,7,Others
12712.0,28,21,6723.03,4,5,5,455,14,Champions
12713.0,0,1,848.55,5,1,3,513,9,Potential Loyalists
12714.0,9,12,14093.71,5,5,5,555,15,Champions
12715.0,106,1,343.36,3,1,2,312,6,Others
12716.0,3,2,1053.49,5,2,3,523,10,Potential Loyalists
12717.0,151,3,1308.91,3,3,4,334,10,Others
12718.0,71,1,238.25,3,1,1,311,5,Others
12719.0,5,2,644.95,5,2,3,523,10,Potential Loyalists
12720.0,2,30,7787.28,5,5,5,555,15,Champions
12721.0,31,8,4013.08,4,4,5,445,13,Champions
12722.0,85,4,997.63,3,3,3,333,9,Others
12723.0,3,5,725.07,5,4,3,543,12,Loyal Customers
12724.0,5,7,2317.52,5,4,4,544,13,Champions
12725.0,371,4,2266.76,2,3,4,234,9,At Risk
12726.0,28,11,4014.6,4,5,5,455,14,Champions
12727.0,10,10,5679.53,5,5,5,555,15,Champions
12728.0,71,5,1070.17,3,4,3,343,10,Loyal Customers
12729.0,113,1,453.01,3,1,2,312,6,Others
12730.0,521,1,829.25,1,1,3,113,5,Others
12731.0,23,17,25775.71,4,5,5,455,14,Champions
12732.0,179,1,236.26000000000002,3,1,1,311,5,Others
12733.0,234,4,2424.87,2,3,4,234,9,At Risk
12734.0,352,3,639.65,2,3,3,233,8,At Risk
12735.0,315,2,779.5699999999999,2,2,3,223,7,Others
12736.0,332,1,234.0,2,1,1,211,4,Hibernating
12737.0,498,2,3710.5,1,2,5,125,8,Others
12738.0,372,1,155.35,2,1,1,211,4,Hibernating
12739.0,78,4,2726.73,3,3,4,334,10,Others
12740.0,63,1,427.6,3,1,2,312,6,Others
12741.0,529,2,406.07,1,2,2,122,5,Hibernating
12742.0,625,1,1201.52,1,1,3,113,5,Others
12743.0,134,2,540.13,3,2,2,322,7,Others
12744.0,51,11,25317.06,4,5,5,455,14,Champions
12745.0,486,3,925.41,1,3,3,133,7,At Risk
12746.0,540,1,254.55,1,1,1,111,3,Hibernating
12747.0,2,26,8898.48,5,5,5,555,15,Champions
12748.0,0,336,53539.64,5,5,5,555,15,Champions
12749.0,3,9,6897.36,5,5,5,555,15,Champions
12750.0,128,1,275.88,3,1,1,311,5,Others
12751.0,444,1,268.27,1,1,1,111,3,Hibernating
12752.0,81,1,4366.78,3,1,5,315,9,Others
12753.0,22,6,21429.39,4,4,5,445,13,Champions
12754.0,235,3,3010.74,2,3,5,235,10,At Risk
12755.0,280,11,5236.259999999999,2,5,5,255,12,At Risk
12756.0,86,1,112.07999999999998,3,1,1,311,5,Others
12757.0,15,13,7834.650000000001,5,5,5,555,15,Champions
12758.0,116,7,9903.24,3,4,5,345,12,Loyal Customers
12759.0,52,8,5020.74,4,4,5,445,13,Champions
12760.0,455,1,347.8,1,1,2,112,4,Hibernating
12761.0,457,2,782.95,1,2,3,123,6,Others
12762.0,7,2,1898.52,5,2,4,524,11,Potential Loyalists
12763.0,138,2,494.08,3,2,2,322,7,Others
12764.0,316,1,1693.88,2,1,4,214,7,Others
12765.0,472,6,1404.58,1,4,4,144,9,At Risk
12766.0,3,9,8918.99,5,5,5,555,15,Champions
12767.0,375,1,949.82,2,1,3,213,6,Others
12768.0,450,1,168.69000000000003,1,1,1,111,3,Hibernating
12769.0,238,1,1143.6,2,1,3,213,6,Others
12770.0,210,2,3246.45,2,2,5,225,9,Others
12771.0,485,1,282.3,1,1,1,111,3,Hibernating
12772.0,59,1,892.47,3,1,3,313,7,Others
12773.0,564,1,124.25,1,1,1,111,3,Hibernating
12774.0,535,1,98.7,1,1,1,111,3,Hibernating
12775.0,17,7,1686.12,5,4,4,544,13,Champions
12776.0,667,1,55.5,1,1,1,111,3,Hibernating
12777.0,457,1,519.45,1,1,2,112,4,Hibernating
12778.0,19,9,1775.68,5,5,4,554,14,Champions
12779.0,37,14,6474.11,4,5,5,455,14,Champions
12780.0,598,1,337.4,1,1,2,112,4,Hibernating
12781.0,63,2,826.74,3,2,3,323,8,Others
12782.0,4,11,4618.24,5,5,5,555,15,Champions
12783.0,2,6,2225.91,5,4,4,544,13,Champions
12784.0,9,3,1763.15,5,3,4,534,12,Potential Loyalists
12785.0,364,3,1100.4,2,3,3,233,8,At Risk
12786.0,609,1,728.5,1,1,3,113,5,Others
12787.0,9,4,862.18,5,3,3,533,11,Potential Loyalists
12788.0,463,4,444.9,1,3,2,132,6,Others
12789.0,65,3,273.35,3,3,1,331,7,Others
12790.0,192,2,591.85,2,2,2,222,6,Hibernating
12791.0,373,6,863.51,2,4,3,243,9,At Risk
12792.0,256,2,827.01,2,2,3,223,7,Others
12793.0,334,3,885.53,2,3,3,233,8,At Risk
12794.0,53,2,860.41,4,2,3,423,9,Potential Loyalists
12795.0,18,1,430.48,5,1,2,512,8,Potential Loyalists
12796.0,628,1,381.0,1,1,2,112,4,Hibernating
12797.0,365,2,552.08,2,2,2,222,6,Hibernating
12798.0,10,4,8510.93,5,3,5,535,13,Potential Loyalists
12799.0,529,1,219.35,1,1,1,111,3,Hibernating
12800.0,470,3,584.25,1,3,2,132,6,Others
12801.0,500,1,1071.82,1,1,3,113,5,Others
12802.0,186,7,2416.42,3,4,4,344,11,Loyal Customers
12803.0,393,1,1092.81,2,1,3,213,6,Others
12804.0,465,2,325.37,1,2,2,122,5,Hibernating
12805.0,381,4,1434.95,2,3,4,234,9,At Risk
12806.0,435,4,2878.96,1,3,4,134,8,At Risk
12807.0,383,1,330.35,2,1,2,212,5,Hibernating
12808.0,36,5,776.7,4,4,3,443,11,Loyal Customers
12809.0,177,3,1755.94,3,3,4,334,10,Others
12810.0,534,2,534.99,1,2,2,122,5,Hibernating
12811.0,260,5,1033.9,2,4,3,243,9,At Risk
12812.0,44,1,229.64000000000001,4,1,1,411,6,Others
12813.0,501,3,1687.8,1,3,4,134,8,At Risk
12814.0,101,1,125.92,3,1,1,311,5,Others
12815.0,147,2,1063.46,3,2,3,323,8,Others
12816.0,95,2,572.2,3,2,2,322,7,Others
12817.0,281,3,690.98,2,3,3,233,8,At Risk
12818.0,261,1,1542.08,2,1,4,214,7,Others
12819.0,458,1,540.52,1,1,2,112,4,Hibernating
12820.0,3,11,2689.52,5,5,4,554,14,Champions
12821.0,214,2,220.8,2,2,1,221,5,Hibernating
12822.0,70,2,948.88,3,2,3,323,8,Others
12823.0,74,18,6501.5,3,5,5,355,13,Loyal Customers
12824.0,59,1,397.12,3,1,2,312,6,Others
12825.0,521,2,518.63,1,2,2,122,5,Hibernating
12826.0,2,12,2800.75,5,5,4,554,14,Champions
12827.0,5,3,430.15000000000003,5,3,2,532,10,Potential Loyalists
12828.0,2,6,1018.71,5,4,3,543,12,Loyal Customers
12829.0,336,3,385.3,2,3,2,232,7,Others
12830.0,37,6,6814.64,4,4,5,445,13,Champions
12831.0,262,3,451.11,2,3,2,232,7,Others
12832.0,32,2,383.03,4,2,2,422,8,Potential Loyalists
12833.0,145,1,417.38,3,1,2,312,6,Others
12834.0,282,1,312.38,2,1,2,212,5,Hibernating
12835.0,427,41,5996.83,1,5,5,155,11,At Risk
12836.0,59,15,6559.7300000000005,3,5,5,355,13,Loyal Customers
12837.0,173,2,662.66,3,2,3,323,8,Others
12838.0,33,10,2975.91,4,5,5,455,14,Champions
12839.0,2,26,9669.12,5,5,5,555,15,Champions
12840.0,143,7,4041.97,3,4,5,345,12,Loyal Customers
12841.0,4,40,6958.2,5,5,5,555,15,Champions
12842.0,70,4,1917.99,3,3,4,334,10,Others
12843.0,65,30,6583.36,3,5,5,355,13,Loyal Customers
12844.0,29,4,648.6,4,3,3,433,10,Potential Loyalists
12845.0,267,4,354.09,2,3,2,232,7,Others
12846.0,682,1,15.58,1,1,1,111,3,Hibernating
12847.0,22,2,1609.0,4,2,4,424,10,Potential Loyalists
12848.0,675,1,208.0,1,1,1,111,3,Hibernating
12849.0,31,6,3042.47,4,4,5,445,13,Champions
12850.0,445,1,330.0,1,1,2,112,4,Hibernating
12851.0,96,2,280.76,3,2,1,321,6,Others
12852.0,294,1,311.55,2,1,2,212,5,Hibernating
12853.0,134,11,3907.5,3,5,5,355,13,Loyal Customers
12854.0,78,7,2970.9700000000003,3,4,5,345,12,Loyal Customers
12855.0,372,4,612.84,2,3,3,233,8,At Risk
12856.0,7,6,2170.78,5,4,4,544,13,Champions
12857.0,210,6,3688.0,2,4,5,245,11,At Risk
12858.0,383,1,147.27,2,1,1,211,4,Hibernating
12859.0,458,1,575.1,1,1,2,112,4,Hibernating
12860.0,693,1,54.22,1,1,1,111,3,Hibernating
12861.0,619,1,68.25,1,1,1,111,3,Hibernating
12862.0,425,2,984.62,1,2,3,123,6,Others
12863.0,52,6,2792.5499999999997,4,4,4,444,12,Champions
12864.0,138,2,299.57,3,2,2,322,7,Others
12865.0,26,4,3323.47,4,3,5,435,12,Potential Loyalists
12866.0,283,3,1227.35,2,3,4,234,9,At Risk
12867.0,26,13,7829.26,4,5,5,455,14,Champions
12868.0,185,8,2043.76,3,4,4,344,11,Loyal Customers
12869.0,681,1,337.66999999999996,1,1,2,112,4,Hibernating
12870.0,375,3,1676.95,2,3,4,234,9,At Risk
12871.0,84,3,744.02,3,3,3,333,9,Others
12872.0,326,12,3283.96,2,5,5,255,12,At Risk
12873.0,282,3,2027.3,2,3,4,234,9,At Risk
12874.0,385,2,948.42,2,2,3,223,7,Others
12875.0,143,5,1356.99,3,4,4,344,11,Loyal Customers
12876.0,57,4,4081.79,4,3,5,435,12,Potential Loyalists
12877.0,3,20,2942.14,5,5,5,555,15,Champions
12878.0,236,2,854.99,2,2,3,223,7,Others
12879.0,44,3,573.22,4,3,2,432,9,Potential Loyalists
12880.0,381,2,640.13,2,2,3,223,7,Others
12881.0,275,1,298.0,2,1,2,212,5,Hibernating
12882.0,9,2,1463.04,5,2,4,524,11,Potential Loyalists
12883.0,24,4,703.47,4,3,3,433,10,Potential Loyalists
12884.0,88,1,309.05,3,1,2,312,6,Others
12885.0,63,3,1175.22,3,3,3,333,9,Others
12886.0,67,2,1378.4,3,2,4,324,9,Others
12887.0,383,1,222.4,2,1,1,211,4,Hibernating
12888.0,214,2,354.12,2,2,2,222,6,Hibernating
12889.0,381,4,385.46000000000004,2,3,2,232,7,Others
12890.0,24,2,706.02,4,2,3,423,9,Potential Loyalists
12891.0,185,11,840.5,3,5,3,353,11,Loyal Customers
12892.0,396,1,263.38,2,1,1,211,4,Hibernating
12893.0,30,1,176.55,4,1,1,411,6,Others
12894.0,575,1,157.35,1,1,1,111,3,Hibernating
12895.0,42,2,372.8,4,2,2,422,8,Potential Loyalists
12897.0,204,4,514.25,2,3,2,232,7,Others
12898.0,463,2,296.21000000000004,1,2,2,122,5,Hibernating
12899.0,413,1,366.4,1,1,2,112,4,Hibernating
12900.0,422,1,340.33,1,1,2,112,4,Hibernating
12901.0,8,28,17654.54,5,5,5,555,15,Champions
12902.0,264,1,138.68,2,1,1,211,4,Hibernating
12903.0,428,1,833.53,1,1,3,113,5,Others
12904.0,18,2,496.06,5,2,2,522,9,Potential Loyalists
12905.0,576,2,1018.42,1,2,3,123,6,Others
12906.0,11,5,2919.81,5,4,5,545,14,Champions
12907.0,395,2,508.91,2,2,2,222,6,Hibernating
12908.0,176,5,1776.0,3,4,4,344,11,Loyal Customers
12909.0,39,8,3103.19,4,4,5,445,13,Champions
12910.0,23,13,5796.52,4,5,5,455,14,Champions
12911.0,551,1,1651.72,1,1,4,114,6,Others
12912.0,2,5,1662.3,5,4,4,544,13,Champions
12913.0,4,13,6283.24,5,5,5,555,15,Champions
12914.0,400,1,223.98,2,1,1,211,4,Hibernating
12915.0,148,4,975.1,3,3,3,333,9,Others
12916.0,138,7,4479.73,3,4,5,345,12,Loyal Customers
12917.0,128,6,4359.2,3,4,5,345,12,Loyal Customers
12918.0,626,1,10953.5,1,1,5,115,7,Others
12919.0,8,6,1335.19,5,4,4,544,13,Champions
12920.0,17,4,486.64,5,3,2,532,10,Potential Loyalists
12921.0,9,74,35233.24,5,5,5,555,15,Champions
12922.0,161,1,405.38,3,1,2,312,6,Others
12923.0,64,3,770.42,3,3,3,333,9,Others
12924.0,88,12,2469.4,3,5,4,354,12,Loyal Customers
12925.0,4,3,729.3299999999999,5,3,3,533,11,Potential Loyalists
12926.0,411,4,1523.97,1,3,4,134,8,At Risk
12927.0,394,1,197.31,2,1,1,211,4,Hibernating
12928.0,35,12,4304.89,4,5,5,455,14,Champions
12929.0,311,1,117.85,2,1,1,211,4,Hibernating
12930.0,78,2,415.8,3,2,2,322,7,Others
12931.0,21,57,92347.34,4,5,5,455,14,Champions
12932.0,539,8,1698.56,1,4,4,144,9,At Risk
12933.0,24,8,1636.6299999999999,4,4,4,444,12,Champions
12934.0,736,1,181.65,1,1,1,111,3,Hibernating
12935.0,2,15,4243.86,5,5,5,555,15,Champions
12936.0,17,4,1063.9,5,3,3,533,11,Potential Loyalists
12937.0,15,9,3097.61,5,5,5,555,15,Champions
12938.0,25,1,114.14,4,1,1,411,6,Others
12939.0,64,20,25264.8,3,5,5,355,13,Loyal Customers
12940.0,54,2,899.69,4,2,3,423,9,Potential Loyalists
12941.0,724,1,377.49,1,1,2,112,4,Hibernating
12942.0,131,3,675.6,3,3,3,333,9,Others
12943.0,558,2,496.5,1,2,2,122,5,Hibernating
12944.0,35,2,604.51,4,2,2,422,8,Potential Loyalists
12945.0,288,2,900.11,2,2,3,223,7,Others
12946.0,436,1,324.45,1,1,2,112,4,Hibernating
12947.0,143,6,1603.99,3,4,4,344,11,Loyal Customers
12948.0,16,9,2317.43,5,5,4,554,14,Champions
12949.0,30,22,15526.7,4,5,5,455,14,Champions
12950.0,2,3,1843.0,5,3,4,534,12,Potential Loyalists
12951.0,8,15,3213.7200000000003,5,5,5,555,15,Champions
12952.0,5,4,1387.79,5,3,4,534,12,Potential Loyalists
12953.0,9,2,828.8100000000001,5,2,3,523,10,Potential Loyalists
12954.0,638,1,162.45,1,1,1,111,3,Hibernating
12955.0,1,11,4757.16,5,5,5,555,15,Champions
12956.0,306,4,521.89,2,3,2,232,7,Others
12957.0,9,13,8706.97,5,5,5,555,15,Champions
12958.0,400,2,467.34,2,2,2,222,6,Hibernating
12959.0,484,1,150.95,1,1,1,111,3,Hibernating
12960.0,413,4,1322.07,1,3,4,134,8,At Risk
12961.0,379,1,211.99,2,1,1,211,4,Hibernating
12962.0,7,2,266.39,5,2,1,521,8,Others
12963.0,8,12,3235.79,5,5,5,555,15,Champions
12964.0,437,1,132.24,1,1,1,111,3,Hibernating
12965.0,89,1,769.8100000000001,3,1,3,313,7,Others
12966.0,9,1,160.18,5,1,1,511,7,Others
12967.0,358,3,2938.52,2,3,5,235,10,At Risk
12968.0,112,1,135.95,3,1,1,311,5,Others
12969.0,602,1,122.45,1,1,1,111,3,Hibernating
12970.0,7,10,1453.6,5,5,4,554,14,Champions
12971.0,3,116,15704.6,5,5,5,555,15,Champions
12972.0,413,4,1161.2,1,3,3,133,7,At Risk
12973.0,413,1,385.55,1,1,2,112,4,Hibernating
12974.0,197,2,408.95,2,2,2,222,6,Hibernating
12975.0,436,6,2100.09,1,4,4,144,9,At Risk
12976.0,211,8,3156.38,2,4,5,245,11,At Risk
12977.0,156,4,513.88,3,3,2,332,8,Others
12978.0,385,5,2502.82,2,4,4,244,10,At Risk
12979.0,729,1,517.7,1,1,2,112,4,Hibernating
12980.0,157,21,16245.78,3,5,5,355,13,Loyal Customers
12981.0,29,2,372.21999999999997,4,2,2,422,8,Potential Loyalists
12982.0,242,8,2744.81,2,4,4,244,10,At Risk
12983.0,598,1,490.08000000000004,1,1,2,112,4,Hibernating
12984.0,18,1,97.5,5,1,1,511,7,Others
12985.0,0,2,1239.38,5,2,4,524,11,Potential Loyalists
12986.0,428,10,2729.84,1,5,4,154,10,At Risk
12987.0,73,5,1312.21,3,4,4,344,11,Loyal Customers
12988.0,292,1,505.82,2,1,2,212,5,Hibernating
12989.0,3,33,13551.75,5,5,5,555,15,Champions
12990.0,31,7,955.5,4,4,3,443,11,Loyal Customers
12991.0,23,3,764.82,4,3,3,433,10,Potential Loyalists
12992.0,725,1,93.35000000000001,1,1,1,111,3,Hibernating
12993.0,23,8,1259.6299999999999,4,4,4,444,12,Champions
12994.0,4,3,974.4200000000001,5,3,3,533,11,Potential Loyalists
12995.0,85,1,211.32,3,1,1,311,5,Others
12996.0,375,1,355.5,2,1,2,212,5,Hibernating
12997.0,22,8,2110.91,4,4,4,444,12,Champions
12998.0,492,3,920.08,1,3,3,133,7,At Risk
12999.0,196,3,455.88,2,3,2,232,7,Others
13000.0,106,4,1032.5,3,3,3,333,9,Others
13001.0,4,33,24042.65,5,5,5,555,15,Champions
13002.0,318,3,414.13,2,3,2,232,7,Others
13003.0,105,3,149.05,3,3,1,331,7,Others
13004.0,11,36,11650.85,5,5,5,555,15,Champions
13005.0,173,4,999.68,3,3,3,333,9,Others
13006.0,56,1,81.57,4,1,1,411,6,Others
13007.0,579,1,175.25,1,1,1,111,3,Hibernating
13008.0,323,3,612.13,2,3,3,233,8,At Risk
13009.0,672,1,234.0,1,1,1,111,3,Hibernating
13010.0,374,2,330.12,2,2,2,222,6,Hibernating
13011.0,372,1,50.550000000000004,2,1,1,211,4,Hibernating
13012.0,9,11,2957.83,5,5,5,555,15,Champions
13013.0,1,29,11097.43,5,5,5,555,15,Champions
13014.0,10,11,5381.08,5,5,5,555,15,Champions
13015.0,53,11,6579.78,4,5,5,455,14,Champions
13016.0,73,3,789.89,3,3,3,333,9,Others
13017.0,7,1,204.0,5,1,1,511,7,Others
13018.0,16,35,9763.16,5,5,5,555,15,Champions
13019.0,379,6,1229.95,2,4,4,244,10,At Risk
13020.0,562,2,618.96,1,2,3,123,6,Others
13021.0,4,17,4887.24,5,5,5,555,15,Champions
13022.0,429,1,65.3,1,1,1,111,3,Hibernating
13023.0,64,3,1449.03,3,3,4,334,10,Others
13024.0,470,2,555.87,1,2,2,122,5,Hibernating
13025.0,731,1,323.39,1,1,2,112,4,Hibernating
13026.0,1,9,1733.08,5,5,4,554,14,Champions
13027.0,113,19,17239.2,3,5,5,355,13,Loyal Customers
13028.0,22,2,661.3199999999999,4,2,3,423,9,Potential Loyalists
13029.0,30,5,1927.3,4,4,4,444,12,Champions
13030.0,11,2,752.4399999999999,5,2,3,523,10,Potential Loyalists
13031.0,407,5,3292.84,2,4,5,245,11,At Risk
13032.0,52,9,2815.96,4,5,4,454,13,Champions
13033.0,357,2,220.55,2,2,1,221,5,Hibernating
13034.0,54,3,756.82,4,3,3,433,10,Potential Loyalists
13035.0,73,3,1364.2,3,3,4,334,10,Others
13036.0,684,1,307.1,1,1,2,112,4,Hibernating
13037.0,138,12,3914.9500000000003,3,5,5,355,13,Loyal Customers
13038.0,80,3,908.46,3,3,3,333,9,Others
13039.0,584,4,1010.73,1,3,3,133,7,At Risk
13040.0,8,2,676.99,5,2,3,523,10,Potential Loyalists
13041.0,450,4,799.13,1,3,3,133,7,At Risk
13042.0,598,3,1488.59,1,3,4,134,8,At Risk
13043.0,273,1,516.42,2,1,2,212,5,Hibernating
13044.0,291,11,4848.05,2,5,5,255,12,At Risk
13045.0,99,3,808.92,3,3,3,333,9,Others
13046.0,30,3,949.25,4,3,3,433,10,Potential Loyalists
13047.0,31,24,8428.53,4,5,5,455,14,Champions
13048.0,14,9,4049.13,5,5,5,555,15,Champions
13049.0,64,4,1408.24,3,3,4,334,10,Others
13050.0,14,35,11986.52,5,5,5,555,15,Champions
13051.0,578,2,155.8,1,2,1,121,4,Hibernating
13052.0,212,7,3119.33,2,4,5,245,11,At Risk
13053.0,621,1,127.65,1,1,1,111,3,Hibernating
13055.0,78,4,2321.11,3,3,4,334,10,Others
13056.0,551,1,209.48,1,1,1,111,3,Hibernating
13057.0,530,3,709.59,1,3,3,133,7,At Risk
13058.0,24,3,271.40000000000003,4,3,1,431,8,Others
13059.0,249,10,2291.77,2,5,4,254,11,At Risk
13060.0,253,1,307.53,2,1,2,212,5,Hibernating
13061.0,72,1,248.61,3,1,1,311,5,Others
13062.0,191,1,346.98,2,1,2,212,5,Hibernating
13063.0,480,1,188.4,1,1,1,111,3,Hibernating
13064.0,12,6,1666.8400000000001,5,4,4,544,13,Champions
13065.0,373,5,1055.05,2,4,3,243,9,At Risk
13066.0,24,2,470.8,4,2,2,422,8,Potential Loyalists
13067.0,82,3,508.51,3,3,2,332,8,Others
13068.0,10,2,344.0,5,2,2,522,9,Potential Loyalists
13069.0,0,38,9284.45,5,5,5,555,15,Champions
13070.0,192,4,751.7,2,3,3,233,8,At Risk
13071.0,612,1,129.22,1,1,1,111,3,Hibernating
13072.0,266,1,177.15,2,1,1,211,4,Hibernating
13073.0,411,2,418.08,1,2,2,122,5,Hibernating
13074.0,511,4,1378.74,1,3,4,134,8,At Risk
13075.0,129,1,919.61,3,1,3,313,7,Others
13076.0,457,1,135.4,1,1,1,111,3,Hibernating
13077.0,1,11,2740.65,5,5,4,554,14,Champions
13078.0,3,57,29018.06,5,5,5,555,15,Champions
13079.0,4,6,419.18,5,4,2,542,11,Others
13080.0,179,4,280.73,3,3,1,331,7,Others
13081.0,11,28,56838.37,5,5,5,555,15,Champions
13082.0,126,21,7335.75,3,5,5,355,13,Loyal Customers
13083.0,4,3,395.43,5,3,2,532,10,Potential Loyalists
13084.0,491,1,122.39999999999999,1,1,1,111,3,Hibernating
13085.0,157,8,2433.28,3,4,4,344,11,Loyal Customers
13086.0,382,1,439.33000000000004,2,1,2,212,5,Hibernating
13087.0,726,1,313.64,1,1,2,112,4,Hibernating
13088.0,417,1,236.11,1,1,1,111,3,Hibernating
13089.0,2,203,113416.91,5,5,5,555,15,Champions
13090.0,8,24,13091.74,5,5,5,555,15,Champions
13091.0,28,3,2321.82,4,3,4,434,11,Potential Loyalists
13092.0,70,12,2140.28,3,5,4,354,12,Loyal Customers
13093.0,275,55,54144.25,2,5,5,255,12,At Risk
13094.0,21,13,2209.44,4,5,4,454,13,Champions
13095.0,70,1,74.39999999999999,3,1,1,311,5,Others
13096.0,394,1,419.70000000000005,2,1,2,212,5,Hibernating
13097.0,32,28,13324.1,4,5,5,455,14,Champions
13098.0,1,28,28882.44,5,5,5,555,15,Champions
13099.0,99,1,207.35999999999999,3,1,1,311,5,Others
13101.0,234,4,695.4,2,3,3,233,8,At Risk
13102.0,1,37,11380.1,5,5,5,555,15,Champions
13103.0,39,3,709.64,4,3,3,433,10,Potential Loyalists
13104.0,3,9,1709.1,5,5,4,554,14,Champions
13105.0,436,1,72.0,1,1,1,111,3,Hibernating
13106.0,133,2,603.46,3,2,2,322,7,Others
13107.0,44,9,5253.07,4,5,5,455,14,Champions
13108.0,372,2,748.46,2,2,3,223,7,Others
13109.0,59,3,1134.03,3,3,3,333,9,Others
13110.0,31,12,2957.4700000000003,4,5,5,455,14,Champions
13111.0,718,1,321.88000000000005,1,1,2,112,4,Hibernating
13112.0,541,1,20.6,1,1,1,111,3,Hibernating
13113.0,0,37,18230.07,5,5,5,555,15,Champions
13114.0,730,1,234.38,1,1,1,111,3,Hibernating
13115.0,11,10,5494.7,5,5,5,555,15,Champions
13116.0,138,1,501.14,3,1,2,312,6,Others
13117.0,21,18,2255.66,4,5,4,454,13,Champions
13118.0,19,9,2415.41,5,5,4,554,14,Champions
13119.0,668,1,134.9,1,1,1,111,3,Hibernating
13120.0,238,1,30.599999999999998,2,1,1,211,4,Hibernating
13121.0,269,1,283.73,2,1,1,211,4,Hibernating
13122.0,94,2,922.39,3,2,3,323,8,Others
13123.0,472,2,506.75,1,2,2,122,5,Hibernating
13124.0,89,4,4641.66,3,3,5,335,11,Others
13125.0,523,1,148.62,1,1,1,111,3,Hibernating
13126.0,4,13,3774.81,5,5,5,555,15,Champions
13127.0,77,1,259.17,3,1,1,311,5,Others
13128.0,631,1,263.5,1,1,1,111,3,Hibernating
13129.0,452,2,233.25,1,2,1,121,4,Hibernating
13130.0,94,1,64.0,3,1,1,311,5,Others
13131.0,23,7,3313.77,4,4,5,445,13,Champions
13132.0,261,1,77.3,2,1,1,211,4,Hibernating
13133.0,273,3,200.45000000000002,2,3,1,231,6,Others
13134.0,85,6,2475.23,3,4,4,344,11,Loyal Customers
13135.0,196,2,3371.45,2,2,5,225,9,Others
13136.0,56,13,6274.56,4,5,5,455,14,Champions
13137.0,10,16,7586.94,5,5,5,555,15,Champions
13138.0,22,7,1274.01,4,4,4,444,12,Champions
13139.0,16,8,8202.98,5,4,5,545,14,Champions
13140.0,108,5,1054.92,3,4,3,343,10,Loyal Customers
13141.0,84,17,7656.08,3,5,5,355,13,Loyal Customers
13142.0,19,1,307.09,5,1,2,512,8,Potential Loyalists
13143.0,584,1,405.1,1,1,2,112,4,Hibernating
13144.0,332,2,135.35,2,2,1,221,5,Hibernating
13145.0,39,7,1128.52,4,4,3,443,11,Loyal Customers
13146.0,26,1,228.91,4,1,1,411,6,Others
13147.0,10,4,712.8000000000001,5,3,3,533,11,Potential Loyalists
13148.0,29,26,8497.82,4,5,5,455,14,Champions
13149.0,14,4,1676.06,5,3,4,534,12,Potential Loyalists
13150.0,484,3,449.96999999999997,1,3,2,132,6,Others
13151.0,295,3,2465.21,2,3,4,234,9,At Risk
13152.0,417,7,2146.38,1,4,4,144,9,At Risk
13153.0,5,1,486.22,5,1,2,512,8,Potential Loyalists
13154.0,399,3,1624.84,2,3,4,234,9,At Risk
13155.0,33,6,1370.48,4,4,4,444,12,Champions
13156.0,385,3,1586.54,2,3,4,234,9,At Risk
13157.0,49,9,5687.36,4,5,5,455,14,Champions
13158.0,94,5,1508.18,3,4,4,344,11,Loyal Customers
13159.0,8,4,1429.35,5,3,4,534,12,Potential Loyalists
13160.0,22,1,91.8,4,1,1,411,6,Others
13161.0,313,2,472.13,2,2,2,222,6,Hibernating
13162.0,122,16,9275.49,3,5,5,355,13,Loyal Customers
13163.0,610,1,17.65,1,1,1,111,3,Hibernating
13164.0,569,2,372.2,1,2,2,122,5,Hibernating
13165.0,46,3,1451.16,4,3,4,434,11,Potential Loyalists
13166.0,283,2,875.93,2,2,3,223,7,Others
13167.0,18,5,1125.15,5,4,3,543,12,Loyal Customers
13168.0,36,5,1840.73,4,4,4,444,12,Champions
13169.0,63,3,840.08,3,3,3,333,9,Others
13170.0,26,1,108.81,4,1,1,411,6,Others
13171.0,21,3,468.41,4,3,2,432,9,Potential Loyalists
13172.0,400,1,69.6,2,1,1,211,4,Hibernating
13173.0,4,11,2399.82,5,5,4,554,14,Champions
13174.0,16,12,7995.36,5,5,5,555,15,Champions
13175.0,582,2,831.45,1,2,3,123,6,Others
13176.0,46,1,481.49,4,1,2,412,7,Potential Loyalists
13177.0,64,2,512.2,3,2,2,322,7,Others
13178.0,26,21,14059.19,4,5,5,455,14,Champions
13179.0,618,1,572.3100000000001,1,1,2,112,4,Hibernating
13180.0,607,1,86.10000000000001,1,1,1,111,3,Hibernating
13181.0,381,1,359.69,2,1,2,212,5,Hibernating
13182.0,45,1,121.18,4,1,1,411,6,Others
13183.0,7,15,7036.18,5,5,5,555,15,Champions
13184.0,14,10,1668.95,5,5,4,554,14,Champions
13185.0,267,1,71.4,2,1,1,211,4,Hibernating
13186.0,39,3,1575.89,4,3,4,434,11,Potential Loyalists
13187.0,337,4,341.36,2,3,2,232,7,Others
13188.0,11,1,114.60000000000001,5,1,1,511,7,Others
13189.0,18,2,260.68,5,2,1,521,8,Others
13190.0,544,3,570.66,1,3,2,132,6,Others
13191.0,658,1,164.69,1,1,1,111,3,Hibernating
13192.0,95,6,2558.58,3,4,4,344,11,Loyal Customers
13193.0,61,1,112.08,3,1,1,311,5,Others
13194.0,135,2,472.78,3,2,2,322,7,Others
13195.0,414,1,136.73,1,1,1,111,3,Hibernating
13196.0,11,7,3068.84,5,4,5,545,14,Champions
13197.0,609,1,373.01000000000005,1,1,2,112,4,Hibernating
13198.0,10,8,4974.2300000000005,5,4,5,545,14,Champions
13199.0,3,67,15964.210000000001,5,5,5,555,15,Champions
13200.0,19,4,870.09,5,3,3,533,11,Potential Loyalists
13201.0,502,4,1233.06,1,3,4,134,8,At Risk
13202.0,394,7,1580.3,2,4,4,244,10,At Risk
13203.0,9,10,2648.25,5,5,4,554,14,Champions
13204.0,731,1,966.6600000000001,1,1,3,113,5,Others
13205.0,443,1,2803.2,1,1,4,114,6,Others
13206.0,400,13,8308.19,2,5,5,255,12,At Risk
13207.0,15,4,535.86,5,3,2,532,10,Potential Loyalists
13208.0,58,9,1976.3,4,5,4,454,13,Champions
13209.0,30,13,8509.51,4,5,5,455,14,Champions
13210.0,93,1,353.48,3,1,2,312,6,Others
13211.0,10,10,2618.77,5,5,4,554,14,Champions
13212.0,19,3,786.83,5,3,3,533,11,Potential Loyalists
13213.0,56,11,3851.52,4,5,5,455,14,Champions
13214.0,417,7,3264.23,1,4,5,145,10,At Risk
13215.0,402,1,81.6,2,1,1,211,4,Hibernating
13216.0,267,1,333.74,2,1,2,212,5,Hibernating
13217.0,122,4,666.48,3,3,3,333,9,Others
13218.0,127,1,62.63999999999999,3,1,1,311,5,Others
13219.0,618,1,76.23,1,1,1,111,3,Hibernating
13220.0,78,5,1336.0900000000001,3,4,4,344,11,Loyal Customers
13221.0,240,2,847.41,2,2,3,223,7,Others
13222.0,577,1,88.5,1,1,1,111,3,Hibernating
13223.0,200,6,969.1200000000001,2,4,3,243,9,At Risk
13224.0,60,2,2155.95,3,2,4,324,9,Others
13225.0,3,16,16260.07,5,5,5,555,15,Champions
13226.0,273,2,312.46,2,2,2,222,6,Hibernating
13227.0,201,1,257.7,2,1,1,211,4,Hibernating
13228.0,81,1,358.0,3,1,2,312,6,Others
13229.0,225,1,160.95,2,1,1,211,4,Hibernating
13230.0,4,30,6120.01,5,5,5,555,15,Champions
13232.0,12,7,1328.35,5,4,4,544,13,Champions
13233.0,74,4,1176.46,3,3,3,333,9,Others
13234.0,672,2,346.5,1,2,2,122,5,Hibernating
13235.0,212,1,1031.07,2,1,3,213,6,Others
13236.0,24,2,744.85,4,2,3,423,9,Potential Loyalists
13237.0,387,1,643.0,2,1,3,213,6,Others
13238.0,17,6,1006.63,5,4,3,543,12,Loyal Customers
13239.0,261,5,1594.69,2,4,4,244,10,At Risk
13240.0,96,8,1475.79,3,4,4,344,11,Loyal Customers
13241.0,411,1,112.53,1,1,1,111,3,Hibernating
13242.0,112,7,699.4,3,4,3,343,10,Loyal Customers
13243.0,203,5,1220.38,2,4,3,243,9,At Risk
13244.0,92,1,121.74000000000001,3,1,1,311,5,Others
13245.0,50,2,989.22,4,2,3,423,9,Potential Loyalists
13246.0,18,11,3351.75,5,5,5,555,15,Champions
13247.0,17,4,501.12,5,3,2,532,10,Potential Loyalists
13248.0,124,2,465.68,3,2,2,322,7,Others
13249.0,92,9,1608.93,3,5,4,354,12,Loyal Customers
13250.0,460,2,253.09,1,2,1,121,4,Hibernating
13251.0,402,1,252.68,2,1,1,211,4,Hibernating
13252.0,394,2,399.3,2,2,2,222,6,Hibernating
13253.0,156,4,2951.11,3,3,5,335,11,Others
13254.0,376,1,51.410000000000004,2,1,1,211,4,Hibernating
13255.0,9,3,678.76,5,3,3,533,11,Potential Loyalists
13257.0,436,1,149.75,1,1,1,111,3,Hibernating
13258.0,11,5,1009.43,5,4,3,543,12,Loyal Customers
13259.0,61,9,1402.54,3,5,4,354,12,Loyal Customers
13260.0,61,1,557.62,3,1,2,312,6,Others
13261.0,268,2,944.1,2,2,3,223,7,Others
13262.0,263,3,573.45,2,3,2,232,7,Others
13263.0,1,39,8676.2,5,5,5,555,15,Champions
13264.0,442,1,722.5600000000001,1,1,3,113,5,Others
13265.0,53,5,2092.66,4,4,4,444,12,Champions
13266.0,11,19,6135.04,5,5,5,555,15,Champions
13267.0,2,36,9429.81,5,5,5,555,15,Champions
13268.0,17,11,3174.75,5,5,5,555,15,Champions
13269.0,1,28,8537.32,5,5,5,555,15,Champions
13270.0,366,1,590.0,2,1,2,212,5,Hibernating
13271.0,37,1,211.49,4,1,1,411,6,Others
13272.0,31,2,276.56,4,2,1,421,7,Others
13273.0,113,1,138.98,3,1,1,311,5,Others
13274.0,409,1,360.85,2,1,2,212,5,Hibernating
13275.0,383,2,238.86,2,2,1,221,5,Hibernating
13276.0,63,5,1891.91,3,4,4,344,11,Loyal Customers
13277.0,15,7,523.3,5,4,2,542,11,Others
13278.0,40,4,1435.85,4,3,4,434,11,Potential Loyalists
13279.0,78,1,137.75,3,1,1,311,5,Others
13280.0,122,7,2293.33,3,4,4,344,11,Loyal Customers
13281.0,439,1,350.85,1,1,2,112,4,Hibernating
13282.0,18,4,1313.19,5,3,4,534,12,Potential Loyalists
13283.0,59,4,373.36,3,3,2,332,8,Others
13284.0,330,1,201.19,2,1,1,211,4,Hibernating
13285.0,23,6,3364.59,4,4,5,445,13,Champions
13286.0,600,1,734.91,1,1,3,113,5,Others
13287.0,603,3,781.59,1,3,3,133,7,At Risk
13288.0,443,5,927.61,1,4,3,143,8,At Risk
13289.0,723,1,307.95,1,1,2,112,4,Hibernating
13290.0,438,1,208.63,1,1,1,111,3,Hibernating
13291.0,155,11,3270.79,3,5,5,355,13,Loyal Customers
13292.0,38,5,994.51,4,4,3,443,11,Loyal Customers
13293.0,392,6,1192.94,2,4,3,243,9,At Risk
13294.0,189,3,1689.53,3,3,4,334,10,Others
13295.0,359,4,1101.97,2,3,3,233,8,At Risk
13296.0,137,6,792.51,3,4,3,343,10,Loyal Customers
13297.0,7,7,4368.62,5,4,5,545,14,Champions
13298.0,1,1,360.0,5,1,2,512,8,Potential Loyalists
13299.0,268,3,1218.7,2,3,3,233,8,At Risk
13300.0,169,3,1285.51,3,3,4,334,10,Others
13301.0,103,4,618.09,3,3,3,333,9,Others
13302.0,155,2,159.2,3,2,1,321,6,Others
13303.0,400,1,61.72,2,1,1,211,4,Hibernating
13304.0,351,4,1217.99,2,3,3,233,8,At Risk
13305.0,4,16,3616.41,5,5,5,555,15,Champions
13306.0,430,1,53.65,1,1,1,111,3,Hibernating
13307.0,120,3,273.34,3,3,1,331,7,Others
13308.0,22,4,1670.3700000000001,4,3,4,434,11,Potential Loyalists
13309.0,7,6,1706.3700000000001,5,4,4,544,13,Champions
13310.0,28,5,1541.2,4,4,4,444,12,Champions
13311.0,4,2,598.57,5,2,2,522,9,Potential Loyalists
13312.0,451,1,124.75,1,1,1,111,3,Hibernating
13313.0,22,12,3445.32,4,5,5,455,14,Champions
13314.0,1,3,775.94,5,3,3,533,11,Potential Loyalists
13315.0,689,1,310.26,1,1,2,112,4,Hibernating
13316.0,37,10,12940.82,4,5,5,455,14,Champions
13317.0,66,19,6486.091,3,5,5,355,13,Loyal Customers
13318.0,1,3,640.76,5,3,3,533,11,Potential Loyalists
13319.0,5,58,21323.22,5,5,5,555,15,Champions
13320.0,78,6,2211.6,3,4,4,344,11,Loyal Customers
13321.0,72,2,567.36,3,2,2,322,7,Others
13322.0,17,1,199.48000000000002,5,1,1,511,7,Others
13323.0,3,5,787.85,5,4,3,543,12,Loyal Customers
13324.0,36,18,10513.47,4,5,5,455,14,Champions
13325.0,81,1,675.3,3,1,3,313,7,Others
13326.0,432,1,281.76,1,1,1,111,3,Hibernating
13327.0,38,20,9134.48,4,5,5,455,14,Champions
13328.0,316,1,1308.48,2,1,4,214,7,Others
13329.0,31,8,4808.77,4,4,5,445,13,Champions
13330.0,92,6,2796.1,3,4,4,344,11,Loyal Customers
13331.0,401,1,262.4,2,1,1,211,4,Hibernating
13332.0,14,1,350.9,5,1,2,512,8,Potential Loyalists
13333.0,411,3,1015.74,1,3,3,133,7,At Risk
13334.0,82,5,6201.8,3,4,5,345,12,Loyal Customers
13336.0,77,1,795.12,3,1,3,313,7,Others
13337.0,546,1,1575.26,1,1,4,114,6,Others
13338.0,157,4,2445.62,3,3,4,334,10,Others
13339.0,200,1,860.12,2,1,3,213,6,Others
13340.0,45,12,22100.56,4,5,5,455,14,Champions
13341.0,260,1,775.85,2,1,3,213,6,Others
13343.0,177,1,353.43,3,1,2,312,6,Others
13344.0,67,3,2511.69,3,3,4,334,10,Others
13345.0,287,1,389.5,2,1,2,212,5,Hibernating
13346.0,462,6,299.4,1,4,2,142,7,Others
13347.0,70,1,341.36,3,1,2,312,6,Others
13348.0,64,1,233.76,3,1,1,311,5,Others
13349.0,10,1,247.32,5,1,1,511,7,Others
13350.0,16,2,979.12,5,2,3,523,10,Potential Loyalists
13351.0,66,1,373.94,3,1,2,312,6,Others
13352.0,60,1,397.97999999999996,3,1,2,312,6,Others
13354.0,71,1,743.53,3,1,3,313,7,Others
13355.0,122,1,674.7,3,1,3,313,7,Others
13356.0,80,1,768.24,3,1,3,313,7,Others
13357.0,257,5,3805.5099999999998,2,4,5,245,11,At Risk
13358.0,268,1,439.03,2,1,2,212,5,Hibernating
13359.0,63,2,1043.31,3,2,3,323,8,Others
13360.0,431,4,1553.65,1,3,4,134,8,At Risk
13361.0,472,2,1450.5,1,2,4,124,7,Others
13362.0,9,7,5394.07,5,4,5,545,14,Champions
13363.0,17,3,1723.86,5,3,4,534,12,Potential Loyalists
13364.0,71,1,134.95999999999998,3,1,1,311,5,Others
13365.0,33,2,2225.37,4,2,4,424,10,Potential Loyalists
13366.0,50,1,56.160000000000004,4,1,1,411,6,Others
13367.0,431,1,510.20000000000005,1,1,2,112,4,Hibernating
13368.0,256,4,1121.5,2,3,3,233,8,At Risk
13369.0,365,1,308.28000000000003,2,1,2,212,5,Hibernating
13370.0,371,1,754.87,2,1,3,213,6,Others
13371.0,505,2,2297.66,1,2,4,124,7,Others
13372.0,89,1,378.64,3,1,2,312,6,Others
13373.0,60,6,7587.1900000000005,3,4,5,345,12,Loyal Customers
13374.0,414,2,422.8,1,2,2,122,5,Hibernating
13375.0,88,2,1792.23,3,2,4,324,9,Others
13376.0,99,3,1019.76,3,3,3,333,9,Others
13377.0,396,2,1552.88,2,2,4,224,8,Others
13379.0,26,3,572.56,4,3,2,432,9,Potential Loyalists
13380.0,432,1,62.4,1,1,1,111,3,Hibernating
13381.0,31,12,8224.37,4,5,5,455,14,Champions
13382.0,280,5,1387.58,2,4,4,244,10,At Risk
13383.0,543,1,305.28000000000003,1,1,2,112,4,Hibernating
13384.0,30,11,6680.83,4,5,5,455,14,Champions
13385.0,329,1,534.57,2,1,2,212,5,Hibernating
13386.0,414,2,835.46,1,2,3,123,6,Others
13387.0,417,1,186.94,1,1,1,111,3,Hibernating
13388.0,131,3,1185.65,3,3,3,333,9,Others
13389.0,11,3,797.96,5,3,3,533,11,Potential Loyalists
13390.0,74,1,544.08,3,1,2,312,6,Others
13391.0,203,1,59.8,2,1,1,211,4,Hibernating
13392.0,677,1,91.14,1,1,1,111,3,Hibernating
13393.0,583,4,1131.45,1,3,3,133,7,At Risk
13394.0,1,19,6621.7,5,5,5,555,15,Champions
13395.0,185,3,1180.23,3,3,3,333,9,Others
13396.0,29,2,1360.99,4,2,4,424,10,Potential Loyalists
13397.0,72,10,3191.87,3,5,5,355,13,Loyal Customers
13398.0,192,2,670.34,2,2,3,223,7,Others
13399.0,464,3,275.4,1,3,1,131,5,Others
13400.0,582,1,310.83,1,1,2,112,4,Hibernating
13402.0,127,4,1226.8500000000001,3,3,4,334,10,Others
13403.0,17,3,229.5,5,3,1,531,9,Others
13404.0,1,2,252.49,5,2,1,521,8,Others
13405.0,74,6,1213.811,3,4,3,343,10,Loyal Customers
13406.0,427,2,568.92,1,2,2,122,5,Hibernating
13407.0,578,3,2244.7,1,3,4,134,8,At Risk
13408.0,1,106,50174.782,5,5,5,555,15,Champions
13410.0,24,9,2201.96,4,5,4,454,13,Champions
13411.0,107,1,213.55,3,1,1,311,5,Others
13412.0,620,1,487.34999999999997,1,1,2,112,4,Hibernating
13413.0,639,6,429.44,1,4,2,142,7,Others
13414.0,133,6,2494.14,3,4,4,344,11,Loyal Customers
13415.0,472,4,784.17,1,3,3,133,7,At Risk
13416.0,43,3,940.8000000000001,4,3,3,433,10,Potential Loyalists
13417.0,4,6,1669.49,5,4,4,544,13,Champions
13418.0,11,31,11559.66,5,5,5,555,15,Champions
13419.0,63,1,221.06,3,1,1,311,5,Others
13420.0,149,2,159.85,3,2,1,321,6,Others
13421.0,40,8,4058.75,4,4,5,445,13,Champions
13422.0,64,1,2626.3,3,1,4,314,8,Others
13423.0,428,1,217.03,1,1,1,111,3,Hibernating
13424.0,449,1,572.77,1,1,2,112,4,Hibernating
13425.0,108,5,3390.4300000000003,3,4,5,345,12,Loyal Customers
13426.0,0,22,8167.38,5,5,5,555,15,Champions
13427.0,19,6,1006.53,5,4,3,543,12,Loyal Customers
13428.0,10,3,478.54,5,3,2,532,10,Potential Loyalists
13429.0,10,4,1006.8,5,3,3,533,11,Potential Loyalists
13430.0,18,2,679.45,5,2,3,523,10,Potential Loyalists
13431.0,67,8,3316.24,3,4,5,345,12,Loyal Customers
13432.0,571,2,439.1,1,2,2,122,5,Hibernating
13433.0,501,4,658.3199999999999,1,3,3,133,7,At Risk
13434.0,74,5,1666.8600000000001,3,4,4,344,11,Loyal Customers
13435.0,5,9,4447.33,5,5,5,555,15,Champions
13436.0,1,1,196.89,5,1,1,511,7,Others
13437.0,14,7,3408.06,5,4,5,545,14,Champions
13438.0,547,1,46.5,1,1,1,111,3,Hibernating
13439.0,255,3,986.61,2,3,3,233,8,At Risk
13440.0,423,7,1295.25,1,4,4,144,9,At Risk
13441.0,91,2,720.9,3,2,3,323,8,Others
13442.0,667,3,419.87,1,3,2,132,6,Others
13443.0,448,6,1273.16,1,4,4,144,9,At Risk
13444.0,374,2,619.08,2,2,3,223,7,Others
13445.0,626,1,241.89999999999998,1,1,1,111,3,Hibernating
13446.0,430,11,3881.89,1,5,5,155,11,At Risk
13447.0,23,3,1129.14,4,3,3,433,10,Potential Loyalists
13448.0,16,13,8745.93,5,5,5,555,15,Champions
13449.0,23,1,291.88,4,1,2,412,7,Potential Loyalists
13450.0,26,13,4120.04,4,5,5,455,14,Champions
13451.0,26,11,7090.06,4,5,5,455,14,Champions
13452.0,259,3,729.8,2,3,3,233,8,At Risk
13453.0,165,3,781.6899999999999,3,3,3,333,9,Others
13454.0,641,1,219.87,1,1,1,111,3,Hibernating
13455.0,24,6,2212.9900000000002,4,4,4,444,12,Champions
13456.0,17,6,1766.72,5,4,4,544,13,Champions
13457.0,688,2,148.22,1,2,1,121,4,Hibernating
13458.0,7,16,11959.27,5,5,5,555,15,Champions
13459.0,624,2,1160.4099999999999,1,2,3,123,6,Others
13460.0,29,2,183.44,4,2,1,421,7,Others
13461.0,38,6,4160.0,4,4,5,445,13,Champions
13462.0,252,5,1153.85,2,4,3,243,9,At Risk
13464.0,58,6,3097.64,4,4,5,445,13,Champions
13465.0,446,2,931.12,1,2,3,123,6,Others
13466.0,184,5,1013.35,3,4,3,343,10,Loyal Customers
13467.0,10,2,1071.91,5,2,3,523,10,Potential Loyalists
13468.0,1,72,12793.28,5,5,5,555,15,Champions
13469.0,653,1,82.4,1,1,1,111,3,Hibernating
13470.0,99,2,165.0,3,2,1,321,6,Others
13471.0,1,4,2501.84,5,3,4,534,12,Potential Loyalists
13472.0,463,2,592.24,1,2,2,122,5,Hibernating
13473.0,60,8,2657.7599999999998,3,4,4,344,11,Loyal Customers
13474.0,236,3,646.59,2,3,3,233,8,At Risk
13475.0,191,4,1431.78,2,3,4,234,9,At Risk
13476.0,178,5,2061.4700000000003,3,4,4,344,11,Loyal Customers
13477.0,37,11,2819.17,4,5,4,454,13,Champions
13478.0,469,5,2215.78,1,4,4,144,9,At Risk
13479.0,200,4,851.37,2,3,3,233,8,At Risk
13480.0,416,2,627.82,1,2,3,123,6,Others
13481.0,45,11,3830.84,4,5,5,455,14,Champions
13482.0,232,2,336.09,2,2,2,222,6,Hibernating
13483.0,65,1,140.34,3,1,1,311,5,Others
13484.0,241,3,790.72,2,3,3,233,8,At Risk
13485.0,233,11,3019.2200000000003,2,5,5,255,12,At Risk
13486.0,78,3,1122.41,3,3,3,333,9,Others
13487.0,57,5,846.87,4,4,3,443,11,Loyal Customers
13488.0,17,23,14205.96,5,5,5,555,15,Champions
13489.0,105,4,449.52,3,3,2,332,8,Others
13490.0,654,1,154.25,1,1,1,111,3,Hibernating
13491.0,51,27,4467.66,4,5,5,455,14,Champions
13492.0,136,3,1269.84,3,3,4,334,10,Others
13493.0,275,2,618.63,2,2,3,223,7,Others
13494.0,311,1,316.26000000000005,2,1,2,212,5,Hibernating
13495.0,7,10,4863.31,5,5,5,555,15,Champions
13496.0,10,2,653.33,5,2,3,523,10,Potential Loyalists
13497.0,282,6,1166.83,2,4,3,243,9,At Risk
13498.0,730,1,327.38,1,1,2,112,4,Hibernating
13499.0,17,5,1159.11,5,4,3,543,12,Loyal Customers
13500.0,23,4,1466.3,4,3,4,434,11,Potential Loyalists
13501.0,288,3,2885.11,2,3,4,234,9,At Risk
13502.0,16,5,780.5,5,4,3,543,12,Loyal Customers
13503.0,71,6,1859.24,3,4,4,344,11,Loyal Customers
13504.0,64,1,295.93,3,1,2,312,6,Others
13505.0,72,4,4393.63,3,3,5,335,11,Others
13506.0,316,5,1338.08,2,4,4,244,10,At Risk
13507.0,3,4,2479.16,5,3,4,534,12,Potential Loyalists
13508.0,243,2,287.05,2,2,2,222,6,Hibernating
13509.0,8,8,1114.72,5,4,3,543,12,Loyal Customers
13510.0,1,11,4558.29,5,5,5,555,15,Champions
13511.0,676,1,282.76,1,1,1,111,3,Hibernating
13512.0,260,4,713.39,2,3,3,233,8,At Risk
13513.0,126,3,824.59,3,3,3,333,9,Others
13514.0,73,4,815.9000000000001,3,3,3,333,9,Others
13515.0,72,6,1265.82,3,4,4,344,11,Loyal Customers
13516.0,21,4,1685.26,4,3,4,434,11,Potential Loyalists
13517.0,59,3,2128.42,3,3,4,334,10,Others
13518.0,85,1,627.16,3,1,3,313,7,Others
13519.0,78,2,343.21,3,2,2,322,7,Others
13520.0,58,11,6606.0,4,5,5,455,14,Champions
13521.0,1,3,1071.73,5,3,3,533,11,Potential Loyalists
13522.0,30,1,125.80000000000001,4,1,1,411,6,Others
13523.0,33,6,4534.57,4,4,5,445,13,Champions
13524.0,40,5,680.1800000000001,4,4,3,443,11,Loyal Customers
13525.0,14,2,628.78,5,2,3,523,10,Potential Loyalists
13526.0,738,2,1182.0,1,2,3,123,6,Others
13527.0,33,12,4541.29,4,5,5,455,14,Champions
13529.0,78,2,307.76,3,2,2,322,7,Others
13530.0,634,1,402.97999999999996,1,1,2,112,4,Hibernating
13531.0,205,6,1433.07,2,4,4,244,10,At Risk
13532.0,33,1,210.31,4,1,1,411,6,Others
13533.0,182,3,269.09,3,3,1,331,7,Others
13534.0,2,35,7720.9,5,5,5,555,15,Champions
13535.0,402,1,89.5,2,1,1,211,4,Hibernating
13536.0,1,7,3444.39,5,4,5,545,14,Champions
13537.0,425,2,717.85,1,2,3,123,6,Others
13538.0,43,12,3103.13,4,5,5,455,14,Champions
13539.0,85,7,1569.3600000000001,3,4,4,344,11,Loyal Customers
13540.0,467,3,632.39,1,3,3,133,7,At Risk
13541.0,427,2,785.25,1,2,3,123,6,Others
13542.0,376,17,3959.4900000000002,2,5,5,255,12,At Risk
13543.0,634,2,1439.6100000000001,1,2,4,124,7,Others
13544.0,39,6,790.2,4,4,3,443,11,Loyal Customers
13545.0,390,2,364.93,2,2,2,222,6,Hibernating
13546.0,12,5,1086.24,5,4,3,543,12,Loyal Customers
13547.0,408,1,167.08,2,1,1,211,4,Hibernating
13548.0,96,3,901.44,3,3,3,333,9,Others
13549.0,25,8,1005.8,4,4,3,443,11,Loyal Customers
13550.0,383,1,342.55,2,1,2,212,5,Hibernating
13551.0,319,2,244.2,2,2,1,221,5,Hibernating
13552.0,66,22,6948.92,3,5,5,355,13,Loyal Customers
13553.0,674,1,499.6,1,1,2,112,4,Hibernating
13554.0,380,7,1629.35,2,4,4,244,10,At Risk
13555.0,73,13,8891.84,3,5,5,355,13,Loyal Customers
13556.0,429,2,200.82,1,2,1,121,4,Hibernating
13557.0,28,13,3032.26,4,5,5,455,14,Champions
13558.0,5,4,594.52,5,3,2,532,10,Potential Loyalists
13559.0,512,2,990.0,1,2,3,123,6,Others
13560.0,7,1,171.42000000000002,5,1,1,511,7,Others
13561.0,215,11,1803.4,2,5,4,254,11,At Risk
13562.0,81,8,4838.18,3,4,5,345,12,Loyal Customers
13563.0,84,2,777.53,3,2,3,323,8,Others
13564.0,144,37,16498.97,3,5,5,355,13,Loyal Customers
13565.0,19,3,414.8,5,3,2,532,10,Potential Loyalists
13566.0,40,5,1688.6,4,4,4,444,12,Champions
13567.0,428,4,1079.29,1,3,3,133,7,At Risk
13568.0,173,1,187.05,3,1,1,311,5,Others
13569.0,17,4,726.54,5,3,3,533,11,Potential Loyalists
13570.0,243,1,239.49,2,1,1,211,4,Hibernating
13571.0,12,26,4537.26,5,5,5,555,15,Champions
13572.0,205,1,1384.25,2,1,4,214,7,Others
13573.0,50,6,904.52,4,4,3,443,11,Loyal Customers
13574.0,411,1,404.45,1,1,2,112,4,Hibernating
13575.0,23,5,732.0699999999999,4,4,3,443,11,Loyal Customers
13576.0,10,28,11202.59,5,5,5,555,15,Champions
13577.0,25,11,3489.28,4,5,5,455,14,Champions
13578.0,409,1,147.66,2,1,1,211,4,Hibernating
13579.0,14,5,1374.34,5,4,4,544,13,Champions
13580.0,406,1,107.75,2,1,1,211,4,Hibernating
13581.0,309,2,280.53000000000003,2,2,1,221,5,Hibernating
13582.0,389,2,241.68,2,2,1,221,5,Hibernating
13583.0,155,2,1445.031,3,2,4,324,9,Others
13584.0,306,3,385.7,2,3,2,232,7,Others
13585.0,530,3,684.54,1,3,3,133,7,At Risk
13586.0,541,1,127.28,1,1,1,111,3,Hibernating
13587.0,63,4,1673.5,3,3,4,334,10,Others
13588.0,15,9,2478.95,5,5,4,554,14,Champions
13589.0,14,6,1120.74,5,4,3,543,12,Loyal Customers
13590.0,11,18,6336.04,5,5,5,555,15,Champions
13591.0,64,7,2093.94,3,4,4,344,11,Loyal Customers
13592.0,35,4,247.95999999999998,4,3,1,431,8,Others
13593.0,108,14,5493.29,3,5,5,355,13,Loyal Customers
13594.0,52,2,533.32,4,2,2,422,8,Potential Loyalists
13595.0,516,3,784.48,1,3,3,133,7,At Risk
13596.0,5,2,664.11,5,2,3,523,10,Potential Loyalists
13597.0,400,2,396.71,2,2,2,222,6,Hibernating
13598.0,47,5,761.96,4,4,3,443,11,Loyal Customers
13599.0,1,33,9811.04,5,5,5,555,15,Champions
13600.0,312,2,518.42,2,2,2,222,6,Hibernating
13601.0,45,4,1159.99,4,3,3,433,10,Potential Loyalists
13602.0,64,4,1025.17,3,3,3,333,9,Others
13603.0,26,1,164.34,4,1,1,411,6,Others
13604.0,658,1,717.62,1,1,3,113,5,Others
13605.0,387,2,522.67,2,2,2,222,6,Hibernating
13606.0,29,3,276.75,4,3,1,431,8,Others
13607.0,40,2,1075.81,4,2,3,423,9,Potential Loyalists
13608.0,540,1,232.05,1,1,1,111,3,Hibernating
13609.0,593,1,167.35,1,1,1,111,3,Hibernating
13610.0,12,14,2103.71,5,5,4,554,14,Champions
13611.0,89,10,3297.9300000000003,3,5,5,355,13,Loyal Customers
13612.0,632,1,818.29,1,1,3,113,5,Others
13613.0,452,5,1039.8500000000001,1,4,3,143,8,At Risk
13614.0,24,6,2332.74,4,4,4,444,12,Champions
13615.0,318,8,6272.53,2,4,5,245,11,At Risk
13616.0,568,2,283.85,1,2,1,121,4,Hibernating
13617.0,40,8,1278.75,4,4,4,444,12,Champions
13618.0,173,1,177.34,3,1,1,311,5,Others
13619.0,544,2,224.94,1,2,1,121,4,Hibernating
13620.0,528,1,112.34,1,1,1,111,3,Hibernating
13621.0,116,1,213.85,3,1,1,311,5,Others
13622.0,696,1,658.95,1,1,3,113,5,Others
13623.0,30,10,2533.06,4,5,4,454,13,Champions
13624.0,388,1,462.08,2,1,2,212,5,Hibernating
13625.0,596,1,301.26,1,1,2,112,4,Hibernating
13626.0,252,2,707.04,2,2,3,223,7,Others
13627.0,59,7,2245.9,3,4,4,344,11,Loyal Customers
13628.0,676,1,310.14,1,1,2,112,4,Hibernating
13629.0,23,19,13370.86,4,5,5,455,14,Champions
13630.0,5,7,2031.78,5,4,4,544,13,Champions
13631.0,99,11,3070.42,3,5,5,355,13,Loyal Customers
13632.0,24,8,3645.81,4,4,5,445,13,Champions
13634.0,33,16,5033.77,4,5,5,455,14,Champions
13635.0,67,4,2999.16,3,3,5,335,11,Others
13636.0,36,5,949.12,4,4,3,443,11,Loyal Customers
13637.0,52,3,804.3,4,3,3,433,10,Potential Loyalists
13638.0,15,1,122.64,5,1,1,511,7,Others
13639.0,74,2,1346.27,3,2,4,324,9,Others
13640.0,611,1,405.0,1,1,2,112,4,Hibernating
13641.0,640,5,1016.47,1,4,3,143,8,At Risk
13642.0,215,4,472.2,2,3,2,232,7,Others
13643.0,31,10,2156.77,4,5,4,454,13,Champions
13644.0,16,4,2624.26,5,3,4,534,12,Potential Loyalists
13645.0,120,1,252.1,3,1,1,311,5,Others
13646.0,399,2,326.25,2,2,2,222,6,Hibernating
13647.0,9,8,3041.68,5,4,5,545,14,Champions
13648.0,400,8,1764.02,2,4,4,244,10,At Risk
13649.0,256,6,1453.68,2,4,4,244,10,At Risk
13650.0,16,10,3288.0,5,5,5,555,15,Champions
13651.0,35,3,226.85,4,3,1,431,8,Others
13652.0,45,5,2262.05,4,4,4,444,12,Champions
13653.0,487,1,152.2,1,1,1,111,3,Hibernating
13654.0,43,11,6308.0,4,5,5,455,14,Champions
13655.0,114,6,2280.51,3,4,4,344,11,Loyal Customers
13656.0,164,4,1078.85,3,3,3,333,9,Others
13657.0,10,2,382.14,5,2,2,522,9,Potential Loyalists
13658.0,9,9,6025.5,5,5,5,555,15,Champions
13659.0,205,12,4884.68,2,5,5,255,12,At Risk
13660.0,400,1,306.64,2,1,2,212,5,Hibernating
13661.0,603,1,325.24,1,1,2,112,4,Hibernating
13662.0,85,11,2233.61,3,5,4,354,12,Loyal Customers
13663.0,179,5,2047.51,3,4,4,344,11,Loyal Customers
13665.0,386,3,1711.6599999999999,2,3,4,234,9,At Risk
13666.0,60,5,127.89999999999999,3,4,1,341,8,Others
13667.0,149,1,299.05,3,1,2,312,6,Others
13668.0,2,35,12948.48,5,5,5,555,15,Champions
13669.0,50,3,413.55,4,3,2,432,9,Potential Loyalists
13670.0,75,1,349.7,3,1,2,312,6,Others
13671.0,394,1,172.6,2,1,1,211,4,Hibernating
13672.0,301,3,419.92,2,3,2,232,7,Others
13673.0,18,2,387.44,5,2,2,522,9,Potential Loyalists
13674.0,432,1,240.68,1,1,1,111,3,Hibernating
13675.0,151,2,486.82000000000005,3,2,2,322,7,Others
13676.0,539,2,243.9,1,2,1,121,4,Hibernating
13677.0,404,2,551.24,2,2,2,222,6,Hibernating
13678.0,151,1,232.6,3,1,1,311,5,Others
13679.0,493,3,281.26,1,3,1,131,5,Others
13680.0,1,12,11419.67,5,5,5,555,15,Champions
13681.0,17,4,827.83,5,3,3,533,11,Potential Loyalists
13682.0,187,1,59.5,3,1,1,311,5,Others
13683.0,457,1,258.6,1,1,1,111,3,Hibernating
13684.0,285,4,594.88,2,3,2,232,7,Others
13685.0,2,7,3119.44,5,4,5,545,14,Champions
13686.0,182,3,409.04,3,3,2,332,8,Others
13687.0,438,1,11880.84,1,1,5,115,7,Others
13688.0,635,1,375.5,1,1,2,112,4,Hibernating
13689.0,63,2,1259.5,3,2,4,324,9,Others
13690.0,59,1,172.25,3,1,1,311,5,Others
13691.0,396,1,212.78,2,1,1,211,4,Hibernating
13692.0,24,5,3114.4,4,4,5,445,13,Champions
13693.0,374,9,2011.82,2,5,4,254,11,At Risk
13694.0,3,143,195640.69,5,5,5,555,15,Champions
13695.0,31,16,2770.73,4,5,4,454,13,Champions
13696.0,421,3,2020.4,1,3,4,134,8,At Risk
13697.0,38,1,151.29999999999998,4,1,1,411,6,Others
13698.0,596,2,451.73,1,2,2,122,5,Hibernating
13699.0,155,2,764.15,3,2,3,323,8,Others
13700.0,26,13,2596.9700000000003,4,5,4,454,13,Champions
13701.0,446,1,161.0,1,1,1,111,3,Hibernating
13702.0,445,1,135.18,1,1,1,111,3,Hibernating
13703.0,318,2,425.56,2,2,2,222,6,Hibernating
13704.0,5,9,2308.06,5,5,4,554,14,Champions
13705.0,7,7,1717.19,5,4,4,544,13,Champions
13706.0,302,2,631.17,2,2,3,223,7,Others
13707.0,267,5,3365.86,2,4,5,245,11,At Risk
13708.0,271,1,285.33,2,1,1,211,4,Hibernating
13709.0,3,18,7571.35,5,5,5,555,15,Champions
13710.0,31,3,509.52,4,3,2,432,9,Potential Loyalists
13711.0,218,9,1792.26,2,5,4,254,11,At Risk
13712.0,246,2,766.42,2,2,3,223,7,Others
13713.0,408,3,740.76,2,3,3,233,8,At Risk
13714.0,465,1,161.35,1,1,1,111,3,Hibernating
13715.0,281,17,8153.04,2,5,5,255,12,At Risk
13716.0,269,1,138.28,2,1,1,211,4,Hibernating
13717.0,32,8,1763.3,4,4,4,444,12,Champions
13718.0,246,2,306.55,2,2,2,222,6,Hibernating
13719.0,15,11,2783.08,5,5,4,554,14,Champions
13720.0,116,4,799.9,3,3,3,333,9,Others
13721.0,36,2,741.54,4,2,3,423,9,Potential Loyalists
13722.0,131,10,5635.41,3,5,5,355,13,Loyal Customers
13723.0,217,6,1194.08,2,4,3,243,9,At Risk
13724.0,637,1,213.01,1,1,1,111,3,Hibernating
13725.0,49,8,1980.56,4,4,4,444,12,Champions
13726.0,38,2,1079.6599999999999,4,2,3,423,9,Potential Loyalists
13727.0,28,8,1074.15,4,4,3,443,11,Loyal Customers
13728.0,36,16,2855.17,4,5,4,454,13,Champions
13729.0,435,3,724.73,1,3,3,133,7,At Risk
13730.0,135,2,752.6,3,2,3,323,8,Others
13731.0,219,2,610.59,2,2,3,223,7,Others
13732.0,28,1,491.86,4,1,2,412,7,Potential Loyalists
13733.0,410,2,487.03000000000003,2,2,2,222,6,Hibernating
13734.0,508,4,6695.6900000000005,1,3,5,135,9,At Risk
13735.0,24,13,9762.77,4,5,5,455,14,Champions
13736.0,5,7,2752.47,5,4,4,544,13,Champions
13737.0,200,1,339.59999999999997,2,1,2,212,5,Hibernating
13738.0,396,1,434.78000000000003,2,1,2,212,5,Hibernating
13739.0,18,2,292.2,5,2,2,522,9,Potential Loyalists
13740.0,240,5,1582.77,2,4,4,244,10,At Risk
13741.0,71,3,668.4300000000001,3,3,3,333,9,Others
13742.0,16,12,3107.87,5,5,5,555,15,Champions
13743.0,2,7,1341.6,5,4,4,544,13,Champions
13744.0,95,2,1080.52,3,2,3,323,8,Others
13745.0,162,2,777.36,3,2,3,323,8,Others
13746.0,413,1,176.69,1,1,1,111,3,Hibernating
13747.0,373,2,169.79999999999998,2,2,1,221,5,Hibernating
13748.0,95,9,2064.35,3,5,4,354,12,Loyal Customers
13750.0,53,11,3602.1800000000003,4,5,5,455,14,Champions
13751.0,288,1,296.25,2,1,2,212,5,Hibernating
13752.0,124,7,1579.8300000000002,3,4,4,344,11,Loyal Customers
13753.0,287,4,2094.57,2,3,4,234,9,At Risk
13754.0,151,3,447.05,3,3,2,332,8,Others
13755.0,3,9,2108.06,5,5,4,554,14,Champions
13756.0,2,23,8655.95,5,5,5,555,15,Champions
13757.0,674,1,195.55,1,1,1,111,3,Hibernating
13758.0,11,15,8698.13,5,5,5,555,15,Champions
13759.0,33,2,659.4100000000001,4,2,3,423,9,Potential Loyalists
13760.0,54,5,1363.6399999999999,4,4,4,444,12,Champions
13761.0,50,6,1952.17,4,4,4,444,12,Champions
13762.0,218,5,2472.48,2,4,4,244,10,At Risk
13763.0,63,3,5217.4400000000005,3,3,5,335,11,Others
13764.0,70,6,2919.62,3,4,5,345,12,Loyal Customers
13765.0,653,1,352.821,1,1,2,112,4,Hibernating
13766.0,495,1,190.35,1,1,1,111,3,Hibernating
13767.0,2,73,33903.57,5,5,5,555,15,Champions
13768.0,726,2,875.97,1,2,3,123,6,Others
13769.0,2,20,5478.12,5,5,5,555,15,Champions
13770.0,422,4,785.37,1,3,3,133,7,At Risk
13771.0,64,9,5728.82,3,5,5,355,13,Loyal Customers
13772.0,33,8,3100.02,4,4,5,445,13,Champions
13773.0,396,2,301.54,2,2,2,222,6,Hibernating
13774.0,81,1,345.0,3,1,2,312,6,Others
13775.0,590,1,1049.66,1,1,3,113,5,Others
13776.0,428,2,623.98,1,2,3,123,6,Others
13777.0,0,61,49638.26,5,5,5,555,15,Champions
13778.0,103,4,1124.49,3,3,3,333,9,Others
13779.0,515,1,161.13,1,1,1,111,3,Hibernating
13780.0,7,3,732.07,5,3,3,533,11,Potential Loyalists
13781.0,250,3,778.83,2,3,3,233,8,At Risk
13782.0,12,13,1786.08,5,5,4,554,14,Champions
13783.0,487,4,1542.09,1,3,4,134,8,At Risk
13784.0,9,14,2910.23,5,5,5,555,15,Champions
13785.0,428,4,542.49,1,3,2,132,6,Others
13786.0,367,6,3127.99,2,4,5,245,11,At Risk
13787.0,75,6,1222.5,3,4,4,344,11,Loyal Customers
13788.0,505,1,3.75,1,1,1,111,3,Hibernating
13789.0,388,1,239.45999999999998,2,1,1,211,4,Hibernating
13790.0,4,1,348.8,5,1,2,512,8,Potential Loyalists
13791.0,127,2,1516.0,3,2,4,324,9,Others
13792.0,66,3,383.95,3,3,2,332,8,Others
13793.0,646,1,96.0,1,1,1,111,3,Hibernating
13794.0,546,1,126.03,1,1,1,111,3,Hibernating
13795.0,388,4,836.3,2,3,3,233,8,At Risk
13796.0,499,1,289.7,1,1,2,112,4,Hibernating
13797.0,436,3,1179.45,1,3,3,133,7,At Risk
13798.0,1,110,75428.87,5,5,5,555,15,Champions
13799.0,116,9,2803.57,3,5,4,354,12,Loyal Customers
13800.0,309,3,1679.56,2,3,4,234,9,At Risk
13801.0,66,1,324.8,3,1,2,312,6,Others
13802.0,138,19,26259.11,3,5,5,355,13,Loyal Customers
13803.0,255,3,1338.91,2,3,4,234,9,At Risk
13804.0,30,9,3161.12,4,5,5,455,14,Champions
13805.0,52,2,924.6,4,2,3,423,9,Potential Loyalists
13806.0,63,1,256.38,3,1,1,311,5,Others
13807.0,367,3,422.2,2,3,2,232,7,Others
13808.0,5,5,1747.66,5,4,4,544,13,Champions
13809.0,305,3,679.7,2,3,3,233,8,At Risk
13810.0,28,3,1499.01,4,3,4,434,11,Potential Loyalists
13811.0,183,3,814.5,3,3,3,333,9,Others
13812.0,42,3,539.0,4,3,2,432,9,Potential Loyalists
13813.0,39,8,2765.47,4,4,4,444,12,Champions
13814.0,92,3,2257.32,3,3,4,334,10,Others
13815.0,22,8,7475.74,4,4,5,445,13,Champions
13816.0,23,2,571.6700000000001,4,2,2,422,8,Potential Loyalists
13817.0,29,2,382.98,4,2,2,422,8,Potential Loyalists
13818.0,429,1,61.28,1,1,1,111,3,Hibernating
13819.0,301,6,2642.35,2,4,4,244,10,At Risk
13820.0,418,3,652.75,1,3,3,133,7,At Risk
13821.0,144,6,1379.08,3,4,4,344,11,Loyal Customers
13822.0,5,2,632.0,5,2,3,523,10,Potential Loyalists
13823.0,18,7,3403.4500000000003,5,4,5,545,14,Champions
13824.0,32,12,3314.76,4,5,5,455,14,Champions
13825.0,621,2,255.59,1,2,1,121,4,Hibernating
13826.0,176,1,189.5,3,1,1,311,5,Others
13827.0,57,3,409.8,4,3,2,432,9,Potential Loyalists
13828.0,22,1,209.49,4,1,1,411,6,Others
13829.0,421,1,102.0,1,1,1,111,3,Hibernating
13830.0,581,1,156.85000000000002,1,1,1,111,3,Hibernating
13831.0,16,18,6585.54,5,5,5,555,15,Champions
13832.0,19,2,609.89,5,2,3,523,10,Potential Loyalists
13833.0,159,2,700.41,3,2,3,323,8,Others
13834.0,576,2,324.19,1,2,2,122,5,Hibernating
13835.0,25,7,1095.27,4,4,3,443,11,Loyal Customers
13836.0,399,2,620.37,2,2,3,223,7,Others
13837.0,211,2,266.59000000000003,2,2,1,221,5,Hibernating
13838.0,5,10,1690.07,5,5,4,554,14,Champions
13839.0,486,1,139.95000000000002,1,1,1,111,3,Hibernating
13840.0,416,1,651.4,1,1,3,113,5,Others
13841.0,252,1,85.0,2,1,1,211,4,Hibernating
13842.0,58,18,5319.34,4,5,5,455,14,Champions
13843.0,381,1,319.75,2,1,2,212,5,Hibernating
13844.0,11,1,361.62,5,1,2,512,8,Potential Loyalists
13845.0,64,1,312.98,3,1,2,312,6,Others
13846.0,24,4,1307.79,4,3,4,434,11,Potential Loyalists
13847.0,719,1,310.72,1,1,2,112,4,Hibernating
13848.0,92,8,3015.0,3,4,5,345,12,Loyal Customers
13849.0,51,5,3469.3,4,4,5,445,13,Champions
13850.0,129,1,1595.48,3,1,4,314,8,Others
13851.0,95,8,4606.46,3,4,5,345,12,Loyal Customers
13852.0,610,1,187.35000000000002,1,1,1,111,3,Hibernating
13853.0,57,1,1090.14,4,1,3,413,8,Potential Loyalists
13854.0,8,39,11944.56,5,5,5,555,15,Champions
13855.0,500,4,1310.3400000000001,1,3,4,134,8,At Risk
13856.0,168,11,1142.03,3,5,3,353,11,Loyal Customers
13857.0,393,6,1001.01,2,4,3,243,9,At Risk
13858.0,57,1,216.17,4,1,1,411,6,Others
13859.0,326,2,515.86,2,2,2,222,6,Hibernating
13860.0,1,5,1245.9,5,4,4,544,13,Champions
13861.0,429,2,273.26,1,2,1,121,4,Hibernating
13862.0,18,9,2556.09,5,5,4,554,14,Champions
13863.0,247,4,1239.55,2,3,4,234,9,At Risk
13864.0,386,1,662.4000000000001,2,1,3,213,6,Others
13865.0,58,4,501.56,4,3,2,432,9,Potential Loyalists
13866.0,74,1,145.67000000000002,3,1,1,311,5,Others
13867.0,31,3,1005.09,4,3,3,433,10,Potential Loyalists
13868.0,7,2,3192.54,5,2,5,525,12,Potential Loyalists
13869.0,123,10,7996.87,3,5,5,355,13,Loyal Customers
13870.0,2,15,5712.08,5,5,5,555,15,Champions
13871.0,22,17,7885.85,4,5,5,455,14,Champions
13872.0,527,3,919.57,1,3,3,133,7,At Risk
13873.0,119,8,1038.92,3,4,3,343,10,Loyal Customers
13874.0,358,7,2049.15,2,4,4,244,10,At Risk
13875.0,53,14,4814.37,4,5,5,455,14,Champions
13876.0,63,1,122.7,3,1,1,311,5,Others
13877.0,86,3,449.68,3,3,2,332,8,Others
13878.0,54,4,2416.9,4,3,4,434,11,Potential Loyalists
13879.0,645,1,395.5,1,1,2,112,4,Hibernating
13880.0,21,17,4293.86,4,5,5,455,14,Champions
13881.0,3,43,45179.1,5,5,5,555,15,Champions
13882.0,2,5,1191.13,5,4,3,543,12,Loyal Customers
13883.0,10,15,6560.02,5,5,5,555,15,Champions
13884.0,7,10,1825.03,5,5,4,554,14,Champions
13885.0,189,2,506.8,3,2,2,322,7,Others
13886.0,71,1,243.56,3,1,1,311,5,Others
13887.0,204,1,349.55,2,1,2,212,5,Hibernating
13888.0,119,7,2001.59,3,4,4,344,11,Loyal Customers
13889.0,92,6,1991.23,3,4,4,344,11,Loyal Customers
13890.0,1,14,2927.38,5,5,5,555,15,Champions
13891.0,378,3,859.21,2,3,3,233,8,At Risk
13892.0,26,6,1267.6499999999999,4,4,4,444,12,Champions
13893.0,297,1,821.1,2,1,3,213,6,Others
13894.0,23,3,564.62,4,3,2,432,9,Potential Loyalists
13895.0,28,6,4008.52,4,4,5,445,13,Champions
13896.0,625,1,388.55,1,1,2,112,4,Hibernating
13897.0,50,3,1160.72,4,3,3,433,10,Potential Loyalists
13898.0,325,2,686.4,2,2,3,223,7,Others
13899.0,16,2,388.52,5,2,2,522,9,Potential Loyalists
13900.0,183,6,1610.59,3,4,4,344,11,Loyal Customers
13901.0,72,15,5676.34,3,5,5,355,13,Loyal Customers
13902.0,632,5,34095.26,1,4,5,145,10,At Risk
13903.0,400,1,165.45000000000002,2,1,1,211,4,Hibernating
13904.0,37,2,332.64,4,2,2,422,8,Potential Loyalists
13905.0,732,1,312.65,1,1,2,112,4,Hibernating
13906.0,409,1,42.0,2,1,1,211,4,Hibernating
13907.0,691,1,136.8,1,1,1,111,3,Hibernating
13908.0,79,4,2369.55,3,3,4,334,10,Others
13909.0,423,2,282.85,1,2,1,121,4,Hibernating
13911.0,57,20,4234.99,4,5,5,455,14,Champions
13912.0,423,1,124.95,1,1,1,111,3,Hibernating
13913.0,506,1,42.22,1,1,1,111,3,Hibernating
13914.0,11,2,626.45,5,2,3,523,10,Potential Loyalists
13915.0,394,1,70.80000000000001,2,1,1,211,4,Hibernating
13916.0,463,4,1275.81,1,3,4,134,8,At Risk
13917.0,49,2,272.04,4,2,1,421,7,Others
13918.0,49,2,1212.8400000000001,4,2,3,423,9,Potential Loyalists
13919.0,59,4,1360.68,3,3,4,334,10,Others
13920.0,431,4,1774.68,1,3,4,134,8,At Risk
13921.0,402,4,730.7,2,3,3,233,8,At Risk
13922.0,351,3,865.2,2,3,3,233,8,At Risk
13923.0,53,1,351.13,4,1,2,412,7,Potential Loyalists
13924.0,1,6,1838.8500000000001,5,4,4,544,13,Champions
13925.0,92,4,678.25,3,3,3,333,9,Others
13926.0,23,1,223.85000000000002,4,1,1,411,6,Others
13927.0,74,2,708.26,3,2,3,323,8,Others
13928.0,10,4,464.57,5,3,2,532,10,Potential Loyalists
13929.0,169,11,3494.1,3,5,5,355,13,Loyal Customers
13930.0,57,2,337.34,4,2,2,422,8,Potential Loyalists
13931.0,95,11,5257.38,3,5,5,355,13,Loyal Customers
13932.0,294,1,307.4,2,1,2,212,5,Hibernating
13933.0,109,2,608.7900000000001,3,2,2,322,7,Others
13934.0,263,1,922.1,2,1,3,213,6,Others
13935.0,596,3,6116.92,1,3,5,135,9,At Risk
13936.0,179,3,939.66,3,3,3,333,9,Others
13937.0,169,2,880.13,3,2,3,323,8,Others
13938.0,35,1,71.66,4,1,1,411,6,Others
13939.0,23,7,1560.96,4,4,4,444,12,Champions
13940.0,17,4,839.14,5,3,3,533,11,Potential Loyalists
13941.0,21,15,10027.18,4,5,5,455,14,Champions
13942.0,534,1,320.0,1,1,2,112,4,Hibernating
13943.0,577,1,246.54,1,1,1,111,3,Hibernating
13944.0,653,1,200.43,1,1,1,111,3,Hibernating
13945.0,394,2,854.15,2,2,3,223,7,Others
13946.0,79,6,1876.23,3,4,4,344,11,Loyal Customers
13947.0,65,1,90.6,3,1,1,311,5,Others
13948.0,360,4,548.76,2,3,2,232,7,Others
13949.0,2,6,2427.32,5,4,4,544,13,Champions
13950.0,11,4,745.06,5,3,3,533,11,Potential Loyalists
13951.0,176,3,674.45,3,3,3,333,9,Others
13952.0,217,14,12823.521,2,5,5,255,12,At Risk
13953.0,7,12,6640.68,5,5,5,555,15,Champions
13954.0,1,2,439.92,5,2,2,522,9,Potential Loyalists
13955.0,154,3,544.0699999999999,3,3,2,332,8,Others
13956.0,5,5,1019.27,5,4,3,543,12,Loyal Customers
13957.0,417,3,458.25,1,3,2,132,6,Others
13958.0,379,8,4709.2300000000005,2,4,5,245,11,At Risk
13959.0,79,6,1064.77,3,4,3,343,10,Loyal Customers
13960.0,21,2,230.22,4,2,1,421,7,Others
13961.0,392,1,538.4,2,1,2,212,5,Hibernating
13962.0,21,3,362.8,4,3,2,432,9,Potential Loyalists
13963.0,308,17,2860.57,2,5,4,254,11,At Risk
13964.0,387,2,438.9,2,2,2,222,6,Hibernating
13965.0,476,3,996.61,1,3,3,133,7,At Risk
13966.0,435,1,384.26,1,1,2,112,4,Hibernating
13967.0,145,2,166.3,3,2,1,321,6,Others
13968.0,423,1,123.66,1,1,1,111,3,Hibernating
13969.0,7,35,12973.460000000001,5,5,5,555,15,Champions
13970.0,386,2,846.55,2,2,3,223,7,Others
13971.0,18,14,4667.57,5,5,5,555,15,Champions
13972.0,70,2,190.25,3,2,1,321,6,Others
13973.0,287,1,264.7,2,1,1,211,4,Hibernating
13974.0,49,2,677.72,4,2,3,423,9,Potential Loyalists
13975.0,31,12,5256.4,4,5,5,455,14,Champions
13976.0,206,4,1192.36,2,3,3,233,8,At Risk
13977.0,411,1,519.8100000000001,1,1,2,112,4,Hibernating
13978.0,14,2,196.79000000000002,5,2,1,521,8,Others
13979.0,73,7,3379.93,3,4,5,345,12,Loyal Customers
13980.0,60,5,768.82,3,4,3,343,10,Loyal Customers
13981.0,415,1,331.14,1,1,2,112,4,Hibernating
13982.0,39,9,3954.29,4,5,5,455,14,Champions
13983.0,29,21,6753.89,4,5,5,455,14,Champions
13984.0,26,12,1893.8,4,5,4,454,13,Champions
13985.0,4,22,10020.86,5,5,5,555,15,Champions
13986.0,17,1,320.46,5,1,2,512,8,Potential Loyalists
13987.0,379,2,682.54,2,2,3,223,7,Others
13988.0,19,8,4757.8,5,4,5,545,14,Champions
13989.0,65,5,2026.06,3,4,4,344,11,Loyal Customers
13990.0,213,1,311.3,2,1,2,212,5,Hibernating
13991.0,12,6,852.88,5,4,3,543,12,Loyal Customers
13992.0,30,3,219.5,4,3,1,431,8,Others
13993.0,42,19,6775.71,4,5,5,455,14,Champions
13994.0,3,6,2274.14,5,4,4,544,13,Champions
13995.0,15,14,3902.01,5,5,5,555,15,Champions
13996.0,386,2,895.76,2,2,3,223,7,Others
13997.0,519,3,376.46,1,3,2,132,6,Others
13998.0,446,3,566.7,1,3,2,132,6,Others
13999.0,10,29,9502.26,5,5,5,555,15,Champions
14000.0,211,5,2046.3400000000001,2,4,4,244,10,At Risk
14001.0,45,9,4228.85,4,5,5,455,14,Champions
14002.0,134,2,529.73,3,2,2,322,7,Others
14003.0,732,1,209.41,1,1,1,111,3,Hibernating
14004.0,43,11,6258.45,4,5,5,455,14,Champions
14005.0,9,5,2874.72,5,4,4,544,13,Champions
14006.0,115,7,2196.67,3,4,4,344,11,Loyal Customers
14007.0,512,1,79.48,1,1,1,111,3,Hibernating
14008.0,432,1,509.04,1,1,2,112,4,Hibernating
14009.0,198,3,1099.91,2,3,3,233,8,At Risk
14010.0,565,2,445.15,1,2,2,122,5,Hibernating
14011.0,480,2,457.82,1,2,2,122,5,Hibernating
14012.0,277,1,328.8,2,1,2,212,5,Hibernating
14013.0,110,5,1084.57,3,4,3,343,10,Loyal Customers
14014.0,77,3,1948.21,3,3,4,334,10,Others
14015.0,52,1,917.34,4,1,3,413,8,Potential Loyalists
14016.0,161,11,11403.41,3,5,5,355,13,Loyal Customers
14017.0,571,1,229.75,1,1,1,111,3,Hibernating
14018.0,645,1,367.15000000000003,1,1,2,112,4,Hibernating
14019.0,46,3,1421.61,4,3,4,434,11,Potential Loyalists
14020.0,16,4,1249.01,5,3,4,534,12,Potential Loyalists
14021.0,155,7,1716.58,3,4,4,344,11,Loyal Customers
14022.0,225,2,792.15,2,2,3,223,7,Others
14023.0,7,2,584.07,5,2,2,522,9,Potential Loyalists
14024.0,121,3,645.74,3,3,3,333,9,Others
14025.0,464,8,4057.9,1,4,5,145,10,At Risk
14026.0,470,2,713.11,1,2,3,123,6,Others
14027.0,60,1,104.82,3,1,1,311,5,Others
14028.0,550,3,10396.5,1,3,5,135,9,At Risk
14029.0,63,2,467.66,3,2,2,322,7,Others
14030.0,18,20,7521.8,5,5,5,555,15,Champions
14031.0,7,44,39019.51,5,5,5,555,15,Champions
14032.0,2,16,4546.41,5,5,5,555,15,Champions
14033.0,555,1,109.44,1,1,1,111,3,Hibernating
14034.0,22,3,648.89,4,3,3,433,10,Potential Loyalists
14035.0,28,9,2794.75,4,5,4,454,13,Champions
14036.0,284,1,626.65,2,1,3,213,6,Others
14037.0,176,6,836.95,3,4,3,343,10,Loyal Customers
14038.0,78,5,3069.88,3,4,5,345,12,Loyal Customers
14039.0,33,2,267.28000000000003,4,2,1,421,7,Others
14040.0,40,35,12523.81,4,5,5,455,14,Champions
14041.0,266,1,141.41,2,1,1,211,4,Hibernating
14042.0,725,1,431.98,1,1,2,112,4,Hibernating
14043.0,491,2,302.6,1,2,2,122,5,Hibernating
14044.0,26,10,3077.7,4,5,5,455,14,Champions
14045.0,109,16,10986.63,3,5,5,355,13,Loyal Customers
14046.0,284,1,154.99,2,1,1,211,4,Hibernating
14047.0,8,14,3968.11,5,5,5,555,15,Champions
14048.0,305,3,748.69,2,3,3,233,8,At Risk
14049.0,16,13,13023.4,5,5,5,555,15,Champions
14050.0,31,2,746.36,4,2,3,423,9,Potential Loyalists
14051.0,0,37,21770.98,5,5,5,555,15,Champions
14052.0,19,2,466.66,5,2,2,522,9,Potential Loyalists
14053.0,124,4,572.3,3,3,2,332,8,Others
14054.0,65,1,92.46,3,1,1,311,5,Others
14055.0,106,3,1520.96,3,3,4,334,10,Others
14056.0,1,23,8152.71,5,5,5,555,15,Champions
14057.0,23,22,8346.66,4,5,5,455,14,Champions
14058.0,462,2,469.19,1,2,2,122,5,Hibernating
14059.0,266,1,183.6,2,1,1,211,4,Hibernating
14060.0,4,30,8898.24,5,5,5,555,15,Champions
14061.0,507,3,917.4300000000001,1,3,3,133,7,At Risk
14062.0,9,24,25585.65,5,5,5,555,15,Champions
14063.0,438,9,22710.2,1,5,5,155,11,At Risk
14064.0,29,15,3260.24,4,5,5,455,14,Champions
14065.0,389,3,891.02,2,3,3,233,8,At Risk
14066.0,266,1,152.55,2,1,1,211,4,Hibernating
14067.0,63,2,374.7,3,2,2,322,7,Others
14068.0,320,4,1516.72,2,3,4,234,9,At Risk
14069.0,514,2,225.81,1,2,1,121,4,Hibernating
14070.0,684,1,321.6,1,1,2,112,4,Hibernating
14071.0,3,8,1437.57,5,4,4,544,13,Champions
14072.0,666,1,390.85,1,1,2,112,4,Hibernating
14073.0,32,1,151.04,4,1,1,411,6,Others
14074.0,623,1,219.39999999999998,1,1,1,111,3,Hibernating
14075.0,4,6,1734.87,5,4,4,544,13,Champions
14076.0,129,1,118.67,3,1,1,311,5,Others
14077.0,40,6,615.0799999999999,4,4,3,443,11,Loyal Customers
14078.0,101,9,1553.47,3,5,4,354,12,Loyal Customers
14079.0,124,2,618.73,3,2,3,323,8,Others
14080.0,32,5,1115.68,4,4,3,443,11,Loyal Customers
14081.0,302,10,4867.57,2,5,5,255,12,At Risk
14082.0,364,2,413.36,2,2,2,222,6,Hibernating
14083.0,4,11,1082.19,5,5,3,553,13,Loyal Customers
14084.0,512,1,150.5,1,1,1,111,3,Hibernating
14085.0,2,33,9720.67,5,5,5,555,15,Champions
14086.0,462,1,39.95,1,1,1,111,3,Hibernating
14087.0,2,3,829.47,5,3,3,533,11,Potential Loyalists
14088.0,10,16,64036.8,5,5,5,555,15,Champions
14089.0,56,1,158.75,4,1,1,411,6,Others
14090.0,324,1,76.32000000000001,2,1,1,211,4,Hibernating
14091.0,654,2,9530.08,1,2,5,125,8,Others
14092.0,7,24,7229.45,5,5,5,555,15,Champions
14093.0,12,1,433.86,5,1,2,512,8,Potential Loyalists
14094.0,439,1,311.77,1,1,2,112,4,Hibernating
14095.0,722,1,2.95,1,1,1,111,3,Hibernating
14096.0,4,17,65164.79,5,5,5,555,15,Champions
14097.0,481,2,422.85999999999996,1,2,2,122,5,Hibernating
14098.0,36,1,147.35,4,1,1,411,6,Others
14099.0,16,20,5750.91,5,5,5,555,15,Champions
14100.0,137,1,191.95000000000002,3,1,1,311,5,Others
14101.0,73,13,9961.93,3,5,5,355,13,Loyal Customers
14102.0,5,5,1105.8799999999999,5,4,3,543,12,Loyal Customers
14104.0,154,5,743.53,3,4,3,343,10,Loyal Customers
14105.0,239,5,5988.83,2,4,5,245,11,At Risk
14106.0,737,1,214.79999999999998,1,1,1,111,3,Hibernating
14107.0,51,11,4877.3,4,5,5,455,14,Champions
14108.0,30,4,1044.96,4,3,3,433,10,Potential Loyalists
14109.0,72,1,144.2,3,1,1,311,5,Others
14110.0,3,33,12987.95,5,5,5,555,15,Champions
14111.0,14,4,692.85,5,3,3,533,11,Potential Loyalists
14112.0,22,13,5834.59,4,5,5,455,14,Champions
14113.0,3,16,7092.610000000001,5,5,5,555,15,Champions
14114.0,273,7,1364.09,2,4,4,244,10,At Risk
14115.0,501,2,622.6700000000001,1,2,3,123,6,Others
14116.0,19,5,1382.74,5,4,4,544,13,Champions
14117.0,143,1,90.0,3,1,1,311,5,Others
14118.0,428,1,458.45,1,1,2,112,4,Hibernating
14119.0,375,2,183.37,2,2,1,221,5,Hibernating
14121.0,3,4,2780.15,5,3,4,534,12,Potential Loyalists
14122.0,406,3,362.42,2,3,2,232,7,Others
14123.0,733,1,436.18,1,1,2,112,4,Hibernating
14124.0,84,1,419.58000000000004,3,1,2,312,6,Others
14125.0,10,3,2720.63,5,3,4,534,12,Potential Loyalists
14126.0,7,4,1172.46,5,3,3,533,11,Potential Loyalists
14127.0,122,6,1900.0800000000002,3,4,4,344,11,Loyal Customers
14128.0,60,3,924.21,3,3,3,333,9,Others
14129.0,1,9,2591.34,5,5,4,554,14,Champions
14130.0,319,4,1858.77,2,3,4,234,9,At Risk
14131.0,648,1,168.22,1,1,1,111,3,Hibernating
14132.0,2,11,3586.0299999999997,5,5,5,555,15,Champions
14133.0,129,4,911.14,3,3,3,333,9,Others
14134.0,382,15,11123.35,2,5,5,255,12,At Risk
14135.0,1,24,8839.67,5,5,5,555,15,Champions
14136.0,400,5,1570.81,2,4,4,244,10,At Risk
14137.0,695,1,332.7,1,1,2,112,4,Hibernating
14138.0,1,2,965.8800000000001,5,2,3,523,10,Potential Loyalists
14139.0,46,4,1086.8,4,3,3,433,10,Potential Loyalists
14140.0,3,2,935.05,5,2,3,523,10,Potential Loyalists
14141.0,2,4,915.13,5,3,3,533,11,Potential Loyalists
14142.0,373,2,671.34,2,2,3,223,7,Others
14143.0,133,1,115.8,3,1,1,311,5,Others
14144.0,486,1,30.599999999999998,1,1,1,111,3,Hibernating
14145.0,46,7,7600.05,4,4,5,445,13,Champions
14146.0,8,12,9450.3,5,5,5,555,15,Champions
14147.0,78,9,2590.2,3,5,4,354,12,Loyal Customers
14148.0,233,2,466.29,2,2,2,222,6,Hibernating
14149.0,220,1,446.62,2,1,2,212,5,Hibernating
14150.0,35,2,658.64,4,2,3,423,9,Potential Loyalists
14151.0,673,2,679.45,1,2,3,123,6,Others
14152.0,75,7,1997.3400000000001,3,4,4,344,11,Loyal Customers
14153.0,483,1,233.4,1,1,1,111,3,Hibernating
14154.0,239,8,6460.7,2,4,5,245,11,At Risk
14155.0,266,1,118.75,2,1,1,211,4,Hibernating
14156.0,9,156,313437.62,5,5,5,555,15,Champions
14157.0,19,5,978.69,5,4,3,543,12,Loyal Customers
14158.0,40,1,507.66,4,1,2,412,7,Potential Loyalists
14159.0,19,20,7860.8,5,5,5,555,15,Champions
14160.0,610,7,8421.47,1,4,5,145,10,At Risk
14161.0,215,7,2996.93,2,4,5,245,11,At Risk
14162.0,173,2,289.36,3,2,2,322,7,Others
14163.0,87,5,2594.62,3,4,4,344,11,Loyal Customers
14164.0,70,2,1631.77,3,2,4,324,9,Others
14165.0,275,1,120.44,2,1,1,211,4,Hibernating
14166.0,505,2,251.15,1,2,1,121,4,Hibernating
14167.0,39,8,1274.29,4,4,4,444,12,Champions
14168.0,420,2,370.45,1,2,2,122,5,Hibernating
14169.0,430,2,621.51,1,2,3,123,6,Others
14170.0,375,3,570.18,2,3,2,232,7,Others
14171.0,98,2,498.79,3,2,2,322,7,Others
14172.0,605,3,369.02,1,3,2,132,6,Others
14173.0,10,6,586.0,5,4,2,542,11,Others
14174.0,33,1,134.46,4,1,1,411,6,Others
14175.0,59,8,7678.88,3,4,5,345,12,Loyal Customers
14176.0,297,5,756.46,2,4,3,243,9,At Risk
14177.0,86,13,2209.69,3,5,4,354,12,Loyal Customers
14178.0,8,7,1600.26,5,4,4,544,13,Champions
14179.0,40,2,701.57,4,2,3,423,9,Potential Loyalists
14180.0,10,33,6117.5,5,5,5,555,15,Champions
14181.0,410,2,308.35,2,2,2,222,6,Hibernating
14182.0,443,4,678.77,1,3,3,133,7,At Risk
14183.0,411,2,278.34000000000003,1,2,1,121,4,Hibernating
14184.0,66,1,452.89,3,1,2,312,6,Others
14185.0,331,1,197.65,2,1,1,211,4,Hibernating
14186.0,427,5,1550.63,1,4,4,144,9,At Risk
14187.0,473,1,123.5,1,1,1,111,3,Hibernating
14188.0,30,6,2054.36,4,4,4,444,12,Champions
14189.0,2,16,5503.15,5,5,5,555,15,Champions
14190.0,666,1,79.9,1,1,1,111,3,Hibernating
14191.0,1,15,4817.66,5,5,5,555,15,Champions
14192.0,388,1,293.74,2,1,2,212,5,Hibernating
14193.0,67,3,1210.19,3,3,3,333,9,Others
14194.0,4,36,18670.59,5,5,5,555,15,Champions
14195.0,201,6,2615.6,2,4,4,244,10,At Risk
14196.0,106,1,335.52,3,1,2,312,6,Others
14197.0,410,1,390.05,2,1,2,212,5,Hibernating
14198.0,18,9,1569.73,5,5,4,554,14,Champions
14199.0,218,4,1091.7,2,3,3,233,8,At Risk
14200.0,617,1,379.2,1,1,2,112,4,Hibernating
14201.0,60,10,1193.54,3,5,3,353,11,Loyal Customers
14202.0,381,3,847.76,2,3,3,233,8,At Risk
14203.0,397,1,339.34,2,1,2,212,5,Hibernating
14204.0,2,4,1024.83,5,3,3,533,11,Potential Loyalists
14205.0,16,9,2414.2,5,5,4,554,14,Champions
14206.0,239,3,1185.01,2,3,3,233,8,At Risk
14207.0,687,1,157.8,1,1,1,111,3,Hibernating
14208.0,94,2,567.05,3,2,2,322,7,Others
14209.0,10,15,4993.27,5,5,5,555,15,Champions
14210.0,105,16,5556.570000000001,3,5,5,355,13,Loyal Customers
14211.0,53,18,4402.29,4,5,5,455,14,Champions
14212.0,89,2,2190.14,3,2,4,324,9,Others
14213.0,404,1,1192.2,2,1,3,213,6,Others
14214.0,30,5,1004.38,4,4,3,443,11,Loyal Customers
14215.0,11,9,3250.33,5,5,5,555,15,Champions
14216.0,3,5,2150.04,5,4,4,544,13,Champions
14217.0,1,23,3298.59,5,5,5,555,15,Champions
14218.0,42,1,169.48000000000002,4,1,1,411,6,Others
14219.0,4,3,633.83,5,3,3,533,11,Potential Loyalists
14220.0,247,4,1515.0,2,3,4,234,9,At Risk
14221.0,42,17,6517.49,4,5,5,455,14,Champions
14222.0,177,1,683.17,3,1,3,313,7,Others
14223.0,92,3,991.13,3,3,3,333,9,Others
14224.0,110,9,1841.71,3,5,4,354,12,Loyal Customers
14225.0,434,4,2031.07,1,3,4,134,8,At Risk
14226.0,28,6,2985.13,4,4,5,445,13,Champions
14227.0,26,15,6368.71,4,5,5,455,14,Champions
14228.0,437,3,745.5,1,3,3,133,7,At Risk
14229.0,51,7,2594.04,4,4,4,444,12,Champions
14230.0,435,3,979.8000000000001,1,3,3,133,7,At Risk
14231.0,183,4,1235.6200000000001,3,3,4,334,10,Others
14232.0,42,5,2048.07,4,4,4,444,12,Champions
14233.0,49,7,2904.27,4,4,4,444,12,Champions
14234.0,22,4,754.12,4,3,3,433,10,Potential Loyalists
14235.0,75,9,4717.99,3,5,5,355,13,Loyal Customers
14236.0,80,5,1555.34,3,4,4,344,11,Loyal Customers
14237.0,373,2,471.14,2,2,2,222,6,Hibernating
14238.0,326,3,434.23,2,3,2,232,7,Others
14239.0,43,21,4263.17,4,5,5,455,14,Champions
14240.0,30,3,1247.49,4,3,4,434,11,Potential Loyalists
14241.0,183,2,333.70000000000005,3,2,2,322,7,Others
14242.0,234,2,280.55,2,2,1,221,5,Hibernating
14243.0,8,17,7217.75,5,5,5,555,15,Champions
14244.0,660,1,366.41999999999996,1,1,2,112,4,Hibernating
14245.0,219,2,1693.45,2,2,4,224,8,Others
14246.0,110,3,1474.06,3,3,4,334,10,Others
14247.0,278,5,753.56,2,4,3,243,9,At Risk
14248.0,318,3,1032.95,2,3,3,233,8,At Risk
14249.0,410,12,5400.461,2,5,5,255,12,At Risk
14250.0,7,3,1904.05,5,3,4,534,12,Potential Loyalists
14251.0,1,5,2879.7000000000003,5,4,4,544,13,Champions
14252.0,381,1,350.99,2,1,2,212,5,Hibernating
14253.0,493,2,363.40000000000003,1,2,2,122,5,Hibernating
14254.0,432,1,601.03,1,1,2,112,4,Hibernating
14255.0,546,1,1000.63,1,1,3,113,5,Others
14256.0,260,5,2460.79,2,4,4,244,10,At Risk
14257.0,64,9,5954.45,3,5,5,355,13,Loyal Customers
14258.0,9,25,32051.34,5,5,5,555,15,Champions
14259.0,141,1,120.0,3,1,1,311,5,Others
14260.0,471,3,824.28,1,3,3,133,7,At Risk
14261.0,50,2,1163.45,4,2,3,423,9,Potential Loyalists
14262.0,8,8,2618.23,5,4,4,544,13,Champions
14263.0,423,1,322.93,1,1,2,112,4,Hibernating
14264.0,154,6,1517.3600000000001,3,4,4,344,11,Loyal Customers
14265.0,109,4,1373.35,3,3,4,334,10,Others
14266.0,428,1,40.56,1,1,1,111,3,Hibernating
14267.0,162,3,1516.24,3,3,4,334,10,Others
14268.0,470,1,354.85,1,1,2,112,4,Hibernating
14269.0,439,1,295.73,1,1,2,112,4,Hibernating
14270.0,331,1,492.65000000000003,2,1,2,212,5,Hibernating
14271.0,225,2,214.18,2,2,1,221,5,Hibernating
14272.0,73,4,920.81,3,3,3,333,9,Others
14273.0,51,4,559.97,4,3,2,432,9,Potential Loyalists
14274.0,686,1,256.6,1,1,1,111,3,Hibernating
14275.0,395,6,1189.3799999999999,2,4,3,243,9,At Risk
14276.0,98,7,2102.68,3,4,4,344,11,Loyal Customers
14277.0,15,9,17197.61,5,5,5,555,15,Champions
14278.0,409,1,205.83,2,1,1,211,4,Hibernating
14279.0,520,2,191.86,1,2,1,121,4,Hibernating
14280.0,196,1,134.04,2,1,1,211,4,Hibernating
14281.0,408,1,245.15,2,1,1,211,4,Hibernating
14282.0,3,25,7250.76,5,5,5,555,15,Champions
14283.0,463,4,628.4399999999999,1,3,3,133,7,At Risk
14284.0,30,3,1299.65,4,3,4,434,11,Potential Loyalists
14285.0,21,8,3284.42,4,4,5,445,13,Champions
14286.0,23,7,8479.76,4,4,5,445,13,Champions
14287.0,8,3,176.63,5,3,1,531,9,Others
14288.0,213,1,426.6,2,1,2,212,5,Hibernating
14289.0,8,6,911.26,5,4,3,543,12,Loyal Customers
14290.0,11,8,4516.56,5,4,5,545,14,Champions
14291.0,1,23,7904.1,5,5,5,555,15,Champions
14292.0,7,16,9226.25,5,5,5,555,15,Champions
14293.0,3,9,2903.01,5,5,4,554,14,Champions
14294.0,407,1,375.34,2,1,2,212,5,Hibernating
14295.0,40,5,2362.91,4,4,4,444,12,Champions
14296.0,421,2,456.40000000000003,1,2,2,122,5,Hibernating
14297.0,17,4,1305.33,5,3,4,534,12,Potential Loyalists
14298.0,8,82,91194.49,5,5,5,555,15,Champions
14299.0,8,27,14070.25,5,5,5,555,15,Champions
14300.0,18,1,43.2,5,1,1,511,7,Others
14301.0,117,4,1992.18,3,3,4,334,10,Others
14302.0,430,3,742.9000000000001,1,3,3,133,7,At Risk
14303.0,407,2,277.94,2,2,1,221,5,Hibernating
14304.0,222,3,1725.01,2,3,4,234,9,At Risk
14305.0,71,3,1858.96,3,3,4,334,10,Others
14306.0,51,6,3151.4,4,4,5,445,13,Champions
14307.0,88,10,4287.92,3,5,5,355,13,Loyal Customers
14308.0,549,2,1147.02,1,2,3,123,6,Others
14309.0,8,11,3780.81,5,5,5,555,15,Champions
14310.0,432,1,492.1,1,1,2,112,4,Hibernating
14311.0,242,2,516.45,2,2,2,222,6,Hibernating
14312.0,46,11,3090.29,4,5,5,455,14,Champions
14314.0,106,2,229.8,3,2,1,321,6,Others
14315.0,44,8,3197.82,4,4,5,445,13,Champions
14316.0,422,5,1370.34,1,4,4,144,9,At Risk
14317.0,64,1,508.58000000000004,3,1,2,312,6,Others
14318.0,460,1,158.02,1,1,1,111,3,Hibernating
14319.0,424,1,494.85,1,1,2,112,4,Hibernating
14320.0,206,5,1346.75,2,4,4,244,10,At Risk
14321.0,10,7,2218.06,5,4,4,544,13,Champions
14322.0,429,4,474.1,1,3,2,132,6,Others
14323.0,114,2,605.0600000000001,3,2,2,322,7,Others
14324.0,409,2,701.61,2,2,3,223,7,Others
14325.0,569,1,245.48000000000002,1,1,1,111,3,Hibernating
14326.0,242,3,940.98,2,3,3,233,8,At Risk
14327.0,163,6,1894.93,3,4,4,344,11,Loyal Customers
14328.0,438,1,445.05,1,1,2,112,4,Hibernating
14329.0,17,15,9887.62,5,5,5,555,15,Champions
14330.0,623,1,200.63,1,1,1,111,3,Hibernating
14331.0,124,2,462.65999999999997,3,2,2,322,7,Others
14332.0,22,5,1917.41,4,4,4,444,12,Champions
14333.0,67,1,415.2,3,1,2,312,6,Others
14334.0,16,12,4318.48,5,5,5,555,15,Champions
14335.0,16,2,454.86,5,2,2,522,9,Potential Loyalists
14336.0,16,4,1614.91,5,3,4,534,12,Potential Loyalists
14338.0,161,3,928.1,3,3,3,333,9,Others
14339.0,242,2,620.27,2,2,3,223,7,Others
14340.0,218,1,134.7,2,1,1,211,4,Hibernating
14341.0,45,18,4452.02,4,5,5,455,14,Champions
14342.0,21,6,918.44,4,4,3,443,11,Loyal Customers
14343.0,421,4,1079.66,1,3,3,133,7,At Risk
14344.0,127,20,2993.05,3,5,5,355,13,Loyal Customers
14345.0,38,1,108.97999999999999,4,1,1,411,6,Others
14346.0,120,5,2315.75,3,4,4,344,11,Loyal Customers
14347.0,736,1,82.6,1,1,1,111,3,Hibernating
14348.0,260,1,409.57,2,1,2,212,5,Hibernating
14349.0,10,1,133.5,5,1,1,511,7,Others
14350.0,274,3,972.03,2,3,3,233,8,At Risk
14351.0,164,1,51.0,3,1,1,311,5,Others
14352.0,157,4,1078.96,3,3,3,333,9,Others
14353.0,215,3,376.5,2,3,2,232,7,Others
14354.0,5,2,163.62,5,2,1,521,8,Others
14355.0,365,3,840.0500000000001,2,3,3,233,8,At Risk
14356.0,79,2,701.23,3,2,3,323,8,Others
14357.0,43,1,225.12,4,1,1,411,6,Others
14358.0,389,2,400.06,2,2,2,222,6,Hibernating
14359.0,19,3,912.18,5,3,3,533,11,Potential Loyalists
14360.0,31,4,2118.03,4,3,4,434,11,Potential Loyalists
14361.0,578,1,214.70999999999998,1,1,1,111,3,Hibernating
14362.0,22,1,151.5,4,1,1,411,6,Others
14363.0,402,2,227.47000000000003,2,2,1,221,5,Hibernating
14364.0,108,8,3717.35,3,4,5,345,12,Loyal Customers
14365.0,394,2,634.68,2,2,3,223,7,Others
14366.0,525,1,136.0,1,1,1,111,3,Hibernating
14367.0,8,16,9227.82,5,5,5,555,15,Champions
14368.0,319,1,155.0,2,1,1,211,4,Hibernating
14369.0,642,2,469.13,1,2,2,122,5,Hibernating
14370.0,450,6,1175.78,1,4,3,143,8,At Risk
14371.0,295,1,100.5,2,1,1,211,4,Hibernating
14372.0,443,2,860.08,1,2,3,123,6,Others
14373.0,358,1,76.55,2,1,1,211,4,Hibernating
14374.0,541,1,108.0,1,1,1,111,3,Hibernating
14375.0,185,3,1106.82,3,3,3,333,9,Others
14376.0,683,1,215.46,1,1,1,111,3,Hibernating
14377.0,191,2,617.05,2,2,3,223,7,Others
14378.0,621,1,131.25,1,1,1,111,3,Hibernating
14379.0,44,4,1265.16,4,3,4,434,11,Potential Loyalists
14380.0,682,1,48.96,1,1,1,111,3,Hibernating
14381.0,52,2,625.9399999999999,4,2,3,423,9,Potential Loyalists
14382.0,26,2,1193.6299999999999,4,2,3,423,9,Potential Loyalists
14383.0,38,3,1247.69,4,3,4,434,11,Potential Loyalists
14384.0,500,1,58.5,1,1,1,111,3,Hibernating
14385.0,9,3,202.11,5,3,1,531,9,Others
14386.0,296,1,142.4,2,1,1,211,4,Hibernating
14387.0,32,3,1727.6,4,3,4,434,11,Potential Loyalists
14388.0,10,16,6388.2,5,5,5,555,15,Champions
14389.0,65,5,1898.01,3,4,4,344,11,Loyal Customers
14390.0,10,13,6150.03,5,5,5,555,15,Champions
14391.0,576,1,135.6,1,1,1,111,3,Hibernating
14392.0,432,1,266.4,1,1,1,111,3,Hibernating
14393.0,218,1,67.95,2,1,1,211,4,Hibernating
14394.0,564,1,93.8,1,1,1,111,3,Hibernating
14395.0,2,20,7801.93,5,5,5,555,15,Champions
14396.0,65,7,1969.38,3,4,4,344,11,Loyal Customers
14397.0,2,19,2612.96,5,5,4,554,14,Champions
14398.0,401,2,707.79,2,2,3,223,7,Others
14399.0,394,8,2108.21,2,4,4,244,10,At Risk
14400.0,149,3,1732.47,3,3,4,334,10,Others
14401.0,4,22,6795.9,5,5,5,555,15,Champions
14402.0,652,1,285.6,1,1,2,112,4,Hibernating
14403.0,130,6,1880.51,3,4,4,344,11,Loyal Customers
14404.0,33,13,2724.13,4,5,4,454,13,Champions
14405.0,386,1,195.0,2,1,1,211,4,Hibernating
14406.0,119,1,156.75,3,1,1,311,5,Others
14407.0,107,6,2157.73,3,4,4,344,11,Loyal Customers
14408.0,10,11,4102.27,5,5,5,555,15,Champions
14409.0,71,9,3427.29,3,5,5,355,13,Loyal Customers
14410.0,92,11,2631.9,3,5,4,354,12,Loyal Customers
14411.0,310,1,1063.0,2,1,3,213,6,Others
14412.0,42,3,1426.19,4,3,4,434,11,Potential Loyalists
14413.0,362,4,764.52,2,3,3,233,8,At Risk
14414.0,91,8,2399.33,3,4,4,344,11,Loyal Customers
14415.0,1,23,11980.09,5,5,5,555,15,Champions
14416.0,22,2,490.22,4,2,2,422,8,Potential Loyalists
14417.0,387,1,524.65,2,1,2,212,5,Hibernating
14418.0,3,3,1937.25,5,3,4,534,12,Potential Loyalists
14419.0,10,7,1254.64,5,4,4,544,13,Champions
14420.0,99,4,1639.17,3,3,4,334,10,Others
14421.0,57,6,2469.37,4,4,4,444,12,Champions
14422.0,0,19,10271.52,5,5,5,555,15,Champions
14423.0,218,3,916.6099999999999,2,3,3,233,8,At Risk
14424.0,17,1,322.08,5,1,2,512,8,Potential Loyalists
14425.0,434,3,661.39,1,3,3,133,7,At Risk
14426.0,23,17,11727.94,4,5,5,455,14,Champions
14427.0,50,4,1263.52,4,3,4,434,11,Potential Loyalists
14428.0,7,5,1224.06,5,4,4,544,13,Champions
14429.0,403,1,516.28,2,1,2,212,5,Hibernating
14430.0,511,3,1220.9,1,3,3,133,7,At Risk
14431.0,302,4,2614.2,2,3,4,234,9,At Risk
14432.0,9,6,2248.5,5,4,4,544,13,Champions
14433.0,465,1,280.7,1,1,1,111,3,Hibernating
14434.0,21,6,1372.8,4,4,4,444,12,Champions
14435.0,501,1,90.42,1,1,1,111,3,Hibernating
14436.0,98,2,271.70000000000005,3,2,1,321,6,Others
14437.0,365,5,873.34,2,4,3,243,9,At Risk
14438.0,306,1,131.9,2,1,1,211,4,Hibernating
14439.0,319,5,9443.04,2,4,5,245,11,At Risk
14440.0,8,13,5982.03,5,5,5,555,15,Champions
14441.0,0,11,4611.6900000000005,5,5,5,555,15,Champions
14442.0,204,7,5367.0199999999995,2,4,5,245,11,At Risk
14443.0,53,5,2082.97,4,4,4,444,12,Champions
14444.0,456,1,120.44,1,1,1,111,3,Hibernating
14445.0,455,1,221.65,1,1,1,111,3,Hibernating
14446.0,0,5,1200.28,5,4,3,543,12,Loyal Customers
14447.0,18,6,1711.73,5,4,4,544,13,Champions
14448.0,9,2,375.35,5,2,2,522,9,Potential Loyalists
14449.0,18,8,2230.96,5,4,4,544,13,Champions
14450.0,180,7,1128.44,3,4,3,343,10,Loyal Customers
14451.0,60,12,3258.68,3,5,5,355,13,Loyal Customers
14452.0,10,4,658.95,5,3,3,533,11,Potential Loyalists
14453.0,190,1,119.93,2,1,1,211,4,Hibernating
14454.0,376,5,977.3,2,4,3,243,9,At Risk
14455.0,432,4,617.72,1,3,3,133,7,At Risk
14456.0,5,9,3017.28,5,5,5,555,15,Champions
14457.0,310,1,113.64,2,1,1,211,4,Hibernating
14458.0,380,1,228.07,2,1,1,211,4,Hibernating
14459.0,155,2,5375.741,3,2,5,325,10,Others
14460.0,110,9,1093.5,3,5,3,353,11,Loyal Customers
14461.0,148,13,6676.91,3,5,5,355,13,Loyal Customers
14462.0,66,12,2242.81,3,5,4,354,12,Loyal Customers
14463.0,98,4,786.5699999999999,3,3,3,333,9,Others
14464.0,568,2,111.0,1,2,1,121,4,Hibernating
14465.0,246,11,3925.85,2,5,5,255,12,At Risk
14466.0,29,13,4267.15,4,5,5,455,14,Champions
14467.0,17,12,2203.2400000000002,5,5,4,554,14,Champions
14468.0,733,1,204.24,1,1,1,111,3,Hibernating
14469.0,416,4,2093.46,1,3,4,134,8,At Risk
14470.0,11,3,712.04,5,3,3,533,11,Potential Loyalists
14471.0,591,2,400.95,1,2,2,122,5,Hibernating
14472.0,103,9,2118.72,3,5,4,354,12,Loyal Customers
14473.0,74,2,234.34000000000003,3,2,1,321,6,Others
14474.0,46,2,1258.8899999999999,4,2,4,424,10,Potential Loyalists
14475.0,71,4,1151.15,3,3,3,333,9,Others
14476.0,257,1,193.0,2,1,1,211,4,Hibernating
14477.0,19,7,1969.6,5,4,4,544,13,Champions
14478.0,382,4,1276.66,2,3,4,234,9,At Risk
14479.0,253,4,1124.71,2,3,3,233,8,At Risk
14480.0,11,4,1299.52,5,3,4,534,12,Potential Loyalists
14481.0,164,5,2284.69,3,4,4,344,11,Loyal Customers
14482.0,18,12,4306.72,5,5,5,555,15,Champions
14483.0,281,2,257.1,2,2,1,221,5,Hibernating
14484.0,50,4,1070.98,4,3,3,433,10,Potential Loyalists
14485.0,38,1,162.8,4,1,1,411,6,Others
14486.0,511,2,175.5,1,2,1,121,4,Hibernating
14487.0,26,7,1266.27,4,4,4,444,12,Champions
14488.0,67,1,1064.28,3,1,3,313,7,Others
14489.0,207,4,1574.93,2,3,4,234,9,At Risk
14490.0,406,2,1273.47,2,2,4,224,8,Others
14491.0,175,2,340.93,3,2,2,322,7,Others
14492.0,430,7,1921.91,1,4,4,144,9,At Risk
14493.0,7,10,5087.86,5,5,5,555,15,Champions
14494.0,25,3,401.46,4,3,2,432,9,Potential Loyalists
14495.0,50,3,174.8,4,3,1,431,8,Others
14496.0,311,7,2363.89,2,4,4,244,10,At Risk
14497.0,309,2,697.0600000000001,2,2,3,223,7,Others
14498.0,42,10,3900.83,4,5,5,455,14,Champions
14499.0,26,7,2101.79,4,4,4,444,12,Champions
14500.0,88,3,356.85,3,3,2,332,8,Others
14501.0,183,2,251.21,3,2,1,321,6,Others
14502.0,19,11,2429.83,5,5,4,554,14,Champions
14503.0,3,6,3543.26,5,4,5,545,14,Champions
14504.0,47,4,673.26,4,3,3,433,10,Potential Loyalists
14505.0,17,19,11879.08,5,5,5,555,15,Champions
14506.0,17,7,2960.25,5,4,5,545,14,Champions
14507.0,23,11,3216.7400000000002,4,5,5,455,14,Champions
14508.0,22,5,822.92,4,4,3,443,11,Loyal Customers
14509.0,534,1,110.95,1,1,1,111,3,Hibernating
14510.0,375,3,979.85,2,3,3,233,8,At Risk
14511.0,11,5,1314.81,5,4,4,544,13,Champions
14512.0,187,7,1215.97,3,4,3,343,10,Loyal Customers
14513.0,100,6,788.01,3,4,3,343,10,Loyal Customers
14514.0,61,9,4380.04,3,5,5,355,13,Loyal Customers
14515.0,17,12,3724.06,5,5,5,555,15,Champions
14516.0,516,1,151.17,1,1,1,111,3,Hibernating
14517.0,33,2,330.45,4,2,2,422,8,Potential Loyalists
14518.0,64,1,174.37,3,1,1,311,5,Others
14519.0,683,2,203.14,1,2,1,121,4,Hibernating
14520.0,1,2,270.6,5,2,1,521,8,Others
14521.0,491,1,199.45000000000002,1,1,1,111,3,Hibernating
14522.0,24,8,1748.42,4,4,4,444,12,Champions
14523.0,108,1,241.09,3,1,1,311,5,Others
14524.0,31,13,2909.86,4,5,4,454,13,Champions
14525.0,19,17,8026.54,5,5,5,555,15,Champions
14526.0,389,1,258.65,2,1,1,211,4,Hibernating
14527.0,2,122,27246.88,5,5,5,555,15,Champions
14528.0,37,1,364.21999999999997,4,1,2,412,7,Potential Loyalists
14529.0,60,3,578.61,3,3,2,332,8,Others
14530.0,25,16,6088.87,4,5,5,455,14,Champions
14531.0,479,1,376.34,1,1,2,112,4,Hibernating
14532.0,236,11,3845.78,2,5,5,255,12,At Risk
14533.0,24,11,3466.37,4,5,5,455,14,Champions
14534.0,2,26,6187.66,5,5,5,555,15,Champions
14535.0,60,9,5973.2300000000005,3,5,5,355,13,Loyal Customers
14536.0,259,1,170.95,2,1,1,211,4,Hibernating
14537.0,57,2,641.4,4,2,3,423,9,Potential Loyalists
14538.0,64,5,1370.8400000000001,3,4,4,344,11,Loyal Customers
14539.0,15,2,537.48,5,2,2,522,9,Potential Loyalists
14540.0,9,11,3709.64,5,5,5,555,15,Champions
14541.0,58,14,2491.38,4,5,4,454,13,Champions
14542.0,185,1,103.25,3,1,1,311,5,Others
14543.0,28,39,14587.87,4,5,5,455,14,Champions
14544.0,24,3,2938.53,4,3,5,435,12,Potential Loyalists
14545.0,674,1,349.25,1,1,2,112,4,Hibernating
14546.0,5,11,5184.84,5,5,5,555,15,Champions
14547.0,3,8,3974.75,5,4,5,545,14,Champions
14548.0,150,9,2541.29,3,5,4,354,12,Loyal Customers
14549.0,311,4,913.6,2,3,3,233,8,At Risk
14550.0,10,4,1345.06,5,3,4,534,12,Potential Loyalists
14551.0,18,7,878.09,5,4,3,543,12,Loyal Customers
14552.0,151,3,507.93,3,3,2,332,8,Others
14553.0,19,9,1818.6,5,5,4,554,14,Champions
14554.0,10,4,2279.4900000000002,5,3,4,534,12,Potential Loyalists
14555.0,57,6,2304.03,4,4,4,444,12,Champions
14556.0,596,3,815.69,1,3,3,133,7,At Risk
14557.0,85,1,788.38,3,1,3,313,7,Others
14558.0,654,3,655.5,1,3,3,133,7,At Risk
14559.0,390,1,75.6,2,1,1,211,4,Hibernating
14560.0,7,44,6114.03,5,5,5,555,15,Champions
14561.0,75,3,1080.76,3,3,3,333,9,Others
14562.0,3,26,6638.150000000001,5,5,5,555,15,Champions
14563.0,509,2,640.54,1,2,3,123,6,Others
14564.0,434,2,2605.62,1,2,4,124,7,Others
14565.0,95,5,3859.2200000000003,3,4,5,345,12,Loyal Customers
14566.0,110,4,4092.0,3,3,5,335,11,Others
14567.0,56,2,1530.3600000000001,4,2,4,424,10,Potential Loyalists
14568.0,435,1,919.7,1,1,3,113,5,Others
14569.0,1,4,597.3299999999999,5,3,2,532,10,Potential Loyalists
14570.0,280,3,613.75,2,3,3,233,8,At Risk
14571.0,425,1,160.0,1,1,1,111,3,Hibernating
14572.0,3,11,5526.88,5,5,5,555,15,Champions
14573.0,179,13,2163.12,3,5,4,354,12,Loyal Customers
14574.0,732,1,143.70000000000002,1,1,1,111,3,Hibernating
14575.0,488,1,420.22,1,1,2,112,4,Hibernating
14576.0,372,1,35.400000000000006,2,1,1,211,4,Hibernating
14577.0,12,7,1364.15,5,4,4,544,13,Champions
14578.0,3,1,168.63,5,1,1,511,7,Others
14579.0,432,1,105.56,1,1,1,111,3,Hibernating
14580.0,518,1,14.850000000000001,1,1,1,111,3,Hibernating
14581.0,16,2,409.65,5,2,2,522,9,Potential Loyalists
14582.0,40,1,114.11,4,1,1,411,6,Others
14583.0,5,8,1660.29,5,4,4,544,13,Champions
14584.0,169,8,1738.16,3,4,4,344,11,Loyal Customers
14585.0,50,5,1143.27,4,4,3,443,11,Loyal Customers
14586.0,276,1,237.36,2,1,1,211,4,Hibernating
14587.0,18,9,1580.29,5,5,4,554,14,Champions
14588.0,578,1,135.39,1,1,1,111,3,Hibernating
14589.0,371,1,39.75,2,1,1,211,4,Hibernating
14590.0,424,20,2993.37,1,5,5,155,11,At Risk
14591.0,15,4,1320.21,5,3,4,534,12,Potential Loyalists
14592.0,35,3,557.94,4,3,2,432,9,Potential Loyalists
14593.0,21,12,3665.5299999999997,4,5,5,455,14,Champions
14594.0,7,2,363.33,5,2,2,522,9,Potential Loyalists
14595.0,19,8,2164.45,5,4,4,544,13,Champions
14596.0,626,1,222.22000000000003,1,1,1,111,3,Hibernating
14597.0,11,6,2184.63,5,4,4,544,13,Champions
14598.0,44,2,384.04,4,2,2,422,8,Potential Loyalists
14599.0,390,2,457.89,2,2,2,222,6,Hibernating
14600.0,305,2,865.1700000000001,2,2,3,223,7,Others
14601.0,10,1,213.96,5,1,1,511,7,Others
14602.0,656,1,205.35999999999999,1,1,1,111,3,Hibernating
14603.0,274,1,660.0,2,1,3,213,6,Others
14604.0,633,1,143.85999999999999,1,1,1,111,3,Hibernating
14605.0,374,4,921.5600000000001,2,3,3,233,8,At Risk
14606.0,1,192,29951.37,5,5,5,555,15,Champions
14607.0,15,22,23763.13,5,5,5,555,15,Champions
14608.0,4,11,3352.94,5,5,5,555,15,Champions
14609.0,72,10,1486.2,3,5,4,354,12,Loyal Customers
14610.0,395,2,24.35,2,2,1,221,5,Hibernating
14611.0,443,2,604.3299999999999,1,2,2,122,5,Hibernating
14612.0,415,1,877.7,1,1,3,113,5,Others
14613.0,680,1,76.32000000000001,1,1,1,111,3,Hibernating
14614.0,386,1,295.13,2,1,2,212,5,Hibernating
14615.0,394,5,951.76,2,4,3,243,9,At Risk
14616.0,242,5,527.78,2,4,2,242,8,Others
14617.0,402,2,190.47000000000003,2,2,1,221,5,Hibernating
14618.0,9,7,1342.32,5,4,4,544,13,Champions
14619.0,245,2,1291.24,2,2,4,224,8,Others
14620.0,205,2,412.78000000000003,2,2,2,222,6,Hibernating
14621.0,1,9,3000.57,5,5,5,555,15,Champions
14622.0,184,1,320.58000000000004,3,1,2,312,6,Others
14623.0,32,10,2016.98,4,5,4,454,13,Champions
14624.0,57,6,814.07,4,4,3,443,11,Loyal Customers
14625.0,196,11,4497.88,2,5,5,255,12,At Risk
14626.0,23,11,5410.92,4,5,5,455,14,Champions
14627.0,379,1,462.75,2,1,2,212,5,Hibernating
14628.0,91,5,1998.0,3,4,4,344,11,Loyal Customers
14629.0,4,2,955.26,5,2,3,523,10,Potential Loyalists
14630.0,484,1,338.65,1,1,2,112,4,Hibernating
14631.0,50,6,2025.69,4,4,4,444,12,Champions
14632.0,262,1,114.56,2,1,1,211,4,Hibernating
14633.0,266,1,344.90000000000003,2,1,2,212,5,Hibernating
14634.0,437,4,2124.46,1,3,4,134,8,At Risk
14635.0,453,1,215.22,1,1,1,111,3,Hibernating
14636.0,36,2,609.85,4,2,3,423,9,Potential Loyalists
14637.0,677,1,106.67999999999999,1,1,1,111,3,Hibernating
14638.0,50,1,443.6,4,1,2,412,7,Potential Loyalists
14639.0,52,9,4978.96,4,5,5,455,14,Champions
14640.0,24,10,3649.36,4,5,5,455,14,Champions
14641.0,21,1,110.46,4,1,1,411,6,Others
14642.0,58,1,96.12,4,1,1,411,6,Others
14643.0,170,5,1679.89,3,4,4,344,11,Loyal Customers
14644.0,67,7,2247.72,3,4,4,344,11,Loyal Customers
14645.0,156,3,876.89,3,3,3,333,9,Others
14646.0,1,151,528602.52,5,5,5,555,15,Champions
14647.0,201,2,506.04,2,2,2,222,6,Hibernating
14648.0,416,15,4466.65,1,5,5,155,11,At Risk
14649.0,4,9,3651.19,5,5,5,555,15,Champions
14650.0,589,1,62.5,1,1,1,111,3,Hibernating
14651.0,67,9,2025.52,3,5,4,354,12,Loyal Customers
14652.0,77,1,114.18,3,1,1,311,5,Others
14653.0,1,12,3593.06,5,5,5,555,15,Champions
14654.0,738,1,246.86,1,1,1,111,3,Hibernating
14655.0,8,7,3878.51,5,4,5,545,14,Champions
14656.0,169,5,790.0,3,4,3,343,10,Loyal Customers
14657.0,17,6,1450.19,5,4,4,544,13,Champions
14658.0,5,2,247.15,5,2,1,521,8,Others
14659.0,8,9,2529.93,5,5,4,554,14,Champions
14660.0,86,2,285.74,3,2,2,322,7,Others
14661.0,26,1,107.95,4,1,1,411,6,Others
14662.0,28,7,1376.43,4,4,4,444,12,Champions
14663.0,430,2,490.6,1,2,2,122,5,Hibernating
14664.0,19,2,636.24,5,2,3,523,10,Potential Loyalists
14665.0,60,7,2749.65,3,4,4,344,11,Loyal Customers
14666.0,24,1,195.25,4,1,1,411,6,Others
14667.0,10,54,20395.34,5,5,5,555,15,Champions
14668.0,445,1,111.63,1,1,1,111,3,Hibernating
14669.0,241,7,3216.78,2,4,5,245,11,At Risk
14670.0,280,3,583.33,2,3,2,232,7,Others
14671.0,549,2,1127.45,1,2,3,123,6,Others
14672.0,234,4,1113.14,2,3,3,233,8,At Risk
14673.0,3,7,3037.32,5,4,5,545,14,Champions
14674.0,509,1,173.66,1,1,1,111,3,Hibernating
14675.0,16,2,1015.58,5,2,3,523,10,Potential Loyalists
14676.0,31,12,8356.79,4,5,5,455,14,Champions
14677.0,592,1,184.91,1,1,1,111,3,Hibernating
14678.0,579,1,403.39,1,1,2,112,4,Hibernating
14679.0,381,3,1289.44,2,3,4,234,9,At Risk
14680.0,25,58,55688.5,4,5,5,455,14,Champions
14681.0,71,6,875.1500000000001,3,4,3,343,10,Loyal Customers
14682.0,187,6,1514.81,3,4,4,344,11,Loyal Customers
14683.0,588,1,146.56,1,1,1,111,3,Hibernating
14684.0,25,6,1430.03,4,4,4,444,12,Champions
14685.0,576,8,4536.64,1,4,5,145,10,At Risk
14686.0,414,5,852.53,1,4,3,143,8,At Risk
14687.0,106,3,1402.06,3,3,4,334,10,Others
14688.0,7,28,7190.42,5,5,5,555,15,Champions
14689.0,208,1,112.8,2,1,1,211,4,Hibernating
14690.0,44,4,777.68,4,3,3,433,10,Potential Loyalists
14691.0,30,5,2114.33,4,4,4,444,12,Champions
14692.0,137,12,1715.1399999999999,3,5,4,354,12,Loyal Customers
14693.0,264,7,1165.36,2,4,3,243,9,At Risk
14694.0,617,1,244.31,1,1,1,111,3,Hibernating
14695.0,519,3,1534.22,1,3,4,134,8,At Risk
14696.0,4,8,2473.28,5,4,4,544,13,Champions
14697.0,218,2,188.60999999999999,2,2,1,221,5,Hibernating
14698.0,1,5,1217.27,5,4,3,543,12,Loyal Customers
14699.0,214,4,702.6,2,3,3,233,8,At Risk
14700.0,32,5,3076.06,4,4,5,445,13,Champions
14701.0,10,15,4487.11,5,5,5,555,15,Champions
14702.0,1,29,6368.78,5,5,5,555,15,Champions
14703.0,14,1,318.17,5,1,2,512,8,Potential Loyalists
14704.0,11,11,1752.92,5,5,4,554,14,Champions
14705.0,198,1,179.0,2,1,1,211,4,Hibernating
14706.0,618,1,367.54,1,1,2,112,4,Hibernating
14707.0,435,2,139.2,1,2,1,121,4,Hibernating
14708.0,2,5,1793.22,5,4,4,544,13,Champions
14709.0,15,25,8886.33,5,5,5,555,15,Champions
14710.0,14,13,1899.79,5,5,4,554,14,Champions
14711.0,10,11,2839.62,5,5,4,554,14,Champions
14712.0,29,4,1328.0700000000002,4,3,4,434,11,Potential Loyalists
14713.0,9,21,5115.76,5,5,5,555,15,Champions
14714.0,24,4,906.24,4,3,3,433,10,Potential Loyalists
14715.0,24,8,1825.45,4,4,4,444,12,Champions
14716.0,43,3,543.28,4,3,2,432,9,Potential Loyalists
14717.0,733,1,81.3,1,1,1,111,3,Hibernating
14718.0,410,1,226.42,2,1,1,211,4,Hibernating
14719.0,1,5,1581.84,5,4,4,544,13,Champions
14720.0,5,3,663.81,5,3,3,533,11,Potential Loyalists
14721.0,379,1,109.07,2,1,1,211,4,Hibernating
14722.0,147,3,489.52,3,3,2,332,8,Others
14723.0,10,11,1803.06,5,5,4,554,14,Champions
14724.0,590,1,341.9,1,1,2,112,4,Hibernating
14725.0,24,4,1252.74,4,3,4,434,11,Potential Loyalists
14726.0,654,1,116.5,1,1,1,111,3,Hibernating
14727.0,274,3,463.72999999999996,2,3,2,232,7,Others
14728.0,413,1,190.58,1,1,1,111,3,Hibernating
14729.0,373,3,586.24,2,3,2,232,7,Others
14730.0,1,8,1897.57,5,4,4,544,13,Champions
14731.0,47,3,380.02,4,3,2,432,9,Potential Loyalists
14732.0,8,19,5517.07,5,5,5,555,15,Champions
14733.0,16,15,14335.15,5,5,5,555,15,Champions
14734.0,425,4,1056.42,1,3,3,133,7,At Risk
14735.0,3,56,12240.16,5,5,5,555,15,Champions
14736.0,485,2,374.05,1,2,2,122,5,Hibernating
14737.0,3,4,3554.17,5,3,5,535,13,Potential Loyalists
14738.0,42,9,1821.9,4,5,4,454,13,Champions
14739.0,4,25,11573.62,5,5,5,555,15,Champions
14740.0,197,11,4161.06,2,5,5,255,12,At Risk
14741.0,11,7,1713.09,5,4,4,544,13,Champions
14742.0,435,1,579.85,1,1,2,112,4,Hibernating
14743.0,592,1,50.48,1,1,1,111,3,Hibernating
14744.0,16,14,3660.08,5,5,5,555,15,Champions
14745.0,112,12,2551.41,3,5,4,354,12,Loyal Customers
14746.0,406,4,593.5,2,3,2,232,7,Others
14747.0,249,1,328.2,2,1,2,212,5,Hibernating
14748.0,29,10,2681.9,4,5,4,454,13,Champions
14749.0,479,1,310.15,1,1,2,112,4,Hibernating
14750.0,736,1,112.03,1,1,1,111,3,Hibernating
14751.0,684,2,126.45,1,2,1,121,4,Hibernating
14752.0,43,1,389.64,4,1,2,412,7,Potential Loyalists
14753.0,87,2,869.51,3,2,3,323,8,Others
14754.0,44,6,1547.93,4,4,4,444,12,Champions
14755.0,9,25,9972.550000000001,5,5,5,555,15,Champions
14756.0,15,3,2653.76,5,3,4,534,12,Potential Loyalists
14757.0,75,1,420.5,3,1,2,312,6,Others
14758.0,144,7,2864.97,3,4,4,344,11,Loyal Customers
14759.0,4,3,1625.97,5,3,4,534,12,Potential Loyalists
14760.0,297,1,89.2,2,1,1,211,4,Hibernating
14761.0,58,3,447.92,4,3,2,432,9,Potential Loyalists
14762.0,263,2,417.57,2,2,2,222,6,Hibernating
14764.0,46,1,278.3,4,1,1,411,6,Others
14765.0,29,3,254.11,4,3,1,431,8,Others
14766.0,8,11,6375.7300000000005,5,5,5,555,15,Champions
14767.0,474,1,382.81,1,1,2,112,4,Hibernating
14768.0,17,2,192.60000000000002,5,2,1,521,8,Others
14769.0,2,17,15514.11,5,5,5,555,15,Champions
14770.0,232,8,3637.64,2,4,5,245,11,At Risk
14771.0,621,2,594.62,1,2,2,122,5,Hibernating
14772.0,112,1,139.26,3,1,1,311,5,Others
14773.0,592,1,140.55,1,1,1,111,3,Hibernating
14774.0,528,1,241.45,1,1,1,111,3,Hibernating
14775.0,58,3,1011.9,4,3,3,433,10,Potential Loyalists
14776.0,51,15,3708.3,4,5,5,455,14,Champions
14777.0,403,1,307.56,2,1,2,212,5,Hibernating
14778.0,127,2,730.86,3,2,3,323,8,Others
14779.0,280,3,386.15,2,3,2,232,7,Others
14780.0,54,2,447.68,4,2,2,422,8,Potential Loyalists
14782.0,319,1,200.10000000000002,2,1,1,211,4,Hibernating
14783.0,659,1,307.3,1,1,2,112,4,Hibernating
14784.0,26,3,449.93,4,3,2,432,9,Potential Loyalists
14785.0,10,2,77.4,5,2,1,521,8,Others
14786.0,550,1,90.96,1,1,1,111,3,Hibernating
14787.0,471,1,110.65,1,1,1,111,3,Hibernating
14788.0,7,3,1156.32,5,3,3,533,11,Potential Loyalists
14789.0,28,1,197.64,4,1,1,411,6,Others
14790.0,16,10,2526.62,5,5,4,554,14,Champions
14791.0,606,1,303.63,1,1,2,112,4,Hibernating
14792.0,63,1,6.2,3,1,1,311,5,Others
14793.0,21,2,625.9,4,2,3,423,9,Potential Loyalists
14794.0,2,10,1953.9,5,5,4,554,14,Champions
14795.0,166,1,131.45000000000002,3,1,1,311,5,Others
14796.0,1,27,10169.33,5,5,5,555,15,Champions
14797.0,507,1,300.31,1,1,2,112,4,Hibernating
14798.0,52,8,724.31,4,4,3,443,11,Loyal Customers
14799.0,51,2,338.15,4,2,2,422,8,Potential Loyalists
14800.0,47,17,7191.33,4,5,5,455,14,Champions
14801.0,61,1,189.34,3,1,1,311,5,Others
14802.0,438,2,1502.98,1,2,4,124,7,Others
14803.0,162,3,845.55,3,3,3,333,9,Others
14804.0,8,1,353.27,5,1,2,512,8,Potential Loyalists
14805.0,15,7,1082.55,5,4,3,543,12,Loyal Customers
14806.0,75,2,303.43,3,2,2,322,7,Others
14807.0,390,2,504.14,2,2,2,222,6,Hibernating
14808.0,39,8,2718.6,4,4,4,444,12,Champions
14809.0,621,2,686.76,1,2,3,123,6,Others
14810.0,40,13,2354.03,4,5,4,454,13,Champions
14811.0,387,1,170.5,2,1,1,211,4,Hibernating
14812.0,598,1,178.85,1,1,1,111,3,Hibernating
14813.0,369,4,888.91,2,3,3,233,8,At Risk
14814.0,581,1,154.21,1,1,1,111,3,Hibernating
14815.0,36,2,778.5,4,2,3,423,9,Potential Loyalists
14816.0,197,1,271.85,2,1,1,211,4,Hibernating
14817.0,200,7,3959.86,2,4,5,245,11,At Risk
14818.0,73,6,1153.56,3,4,3,343,10,Loyal Customers
14819.0,64,4,456.41,3,3,2,332,8,Others
14820.0,21,9,1274.76,4,5,4,454,13,Champions
14821.0,366,7,1230.15,2,4,4,244,10,At Risk
14822.0,485,1,157.70000000000002,1,1,1,111,3,Hibernating
14823.0,180,3,321.43,3,3,2,332,8,Others
14824.0,10,10,4022.9100000000003,5,5,5,555,15,Champions
14825.0,3,24,4735.08,5,5,5,555,15,Champions
14826.0,581,2,385.2,1,2,2,122,5,Hibernating
14828.0,196,13,9839.460000000001,2,5,5,255,12,At Risk
14829.0,29,7,1455.8700000000001,4,4,4,444,12,Champions
14830.0,53,1,188.88,4,1,1,411,6,Others
14831.0,680,3,1676.57,1,3,4,134,8,At Risk
14832.0,630,1,322.69,1,1,2,112,4,Hibernating
14833.0,498,1,94.8,1,1,1,111,3,Hibernating
14834.0,17,7,2206.16,5,4,4,544,13,Champions
14835.0,528,2,297.0,1,2,2,122,5,Hibernating
14836.0,10,3,102.44999999999999,5,3,1,531,9,Others
14837.0,89,9,3460.32,3,5,5,355,13,Loyal Customers
14838.0,423,2,769.9200000000001,1,2,3,123,6,Others
14839.0,418,3,915.28,1,3,3,133,7,At Risk
14840.0,267,2,362.71,2,2,2,222,6,Hibernating
14841.0,53,14,7163.0,4,5,5,455,14,Champions
14842.0,43,4,2824.69,4,3,4,434,11,Potential Loyalists
14843.0,436,1,211.79999999999998,1,1,1,111,3,Hibernating
14844.0,63,10,6702.43,3,5,5,355,13,Loyal Customers
14845.0,599,1,150.0,1,1,1,111,3,Hibernating
14846.0,427,1,437.4,1,1,2,112,4,Hibernating
14847.0,148,3,1348.95,3,3,4,334,10,Others
14848.0,404,1,310.56,2,1,2,212,5,Hibernating
14849.0,21,43,15407.61,4,5,5,455,14,Champions
14850.0,311,7,1770.96,2,4,4,244,10,At Risk
14851.0,23,3,829.4100000000001,4,3,3,433,10,Potential Loyalists
14852.0,58,18,6132.43,4,5,5,455,14,Champions
14853.0,24,5,1376.87,4,4,4,444,12,Champions
14854.0,78,11,4303.06,3,5,5,355,13,Loyal Customers
14855.0,119,7,6520.3,3,4,5,345,12,Loyal Customers
14856.0,36,3,1290.53,4,3,4,434,11,Potential Loyalists
14857.0,59,7,3651.851,3,4,5,345,12,Loyal Customers
14858.0,505,1,180.75,1,1,1,111,3,Hibernating
14859.0,12,5,1705.64,5,4,4,544,13,Champions
14860.0,19,1,170.32,5,1,1,511,7,Others
14861.0,52,10,1380.73,4,5,4,454,13,Champions
14862.0,25,2,841.1999999999999,4,2,3,423,9,Potential Loyalists
14863.0,29,1,266.76,4,1,1,411,6,Others
14865.0,7,4,92.52000000000001,5,3,1,531,9,Others
14866.0,10,19,20746.54,5,5,5,555,15,Champions
14867.0,185,16,2952.06,3,5,5,355,13,Loyal Customers
14868.0,3,12,4184.01,5,5,5,555,15,Champions
14869.0,8,6,2778.14,5,4,4,544,13,Champions
14870.0,261,6,1838.95,2,4,4,244,10,At Risk
14871.0,3,9,1228.17,5,5,4,554,14,Champions
14872.0,483,3,816.6,1,3,3,133,7,At Risk
14873.0,210,2,854.13,2,2,3,223,7,Others
14874.0,535,1,116.18,1,1,1,111,3,Hibernating
14875.0,107,3,2862.4,3,3,4,334,10,Others
14876.0,521,2,256.7,1,2,1,121,4,Hibernating
14877.0,418,2,425.85,1,2,2,122,5,Hibernating
14878.0,12,25,4076.5,5,5,5,555,15,Champions
14879.0,684,1,185.06,1,1,1,111,3,Hibernating
14880.0,77,3,690.59,3,3,3,333,9,Others
14881.0,19,1,255.4,5,1,1,511,7,Others
14882.0,26,14,3546.65,4,5,5,455,14,Champions
14883.0,18,6,761.59,5,4,3,543,12,Loyal Customers
14884.0,669,1,120.6,1,1,1,111,3,Hibernating
14885.0,131,3,1598.12,3,3,4,334,10,Others
14886.0,252,1,364.8,2,1,2,212,5,Hibernating
14887.0,79,1,1862.0,3,1,4,314,8,Others
14888.0,207,1,369.2,2,1,2,212,5,Hibernating
14889.0,336,1,135.9,2,1,1,211,4,Hibernating
14890.0,253,3,817.25,2,3,3,233,8,At Risk
14891.0,148,4,1106.73,3,3,3,333,9,Others
14892.0,690,1,202.35000000000002,1,1,1,111,3,Hibernating
14893.0,9,3,1809.6100000000001,5,3,4,534,12,Potential Loyalists
14894.0,85,3,1492.81,3,3,4,334,10,Others
14895.0,7,38,25119.54,5,5,5,555,15,Champions
14896.0,204,8,1826.0,2,4,4,244,10,At Risk
14897.0,7,8,3140.54,5,4,5,545,14,Champions
14898.0,23,14,3365.95,4,5,5,455,14,Champions
14899.0,395,1,1331.38,2,1,4,214,7,Others
14900.0,522,1,13.919999999999998,1,1,1,111,3,Hibernating
14901.0,11,12,1919.0,5,5,4,554,14,Champions
14902.0,25,3,1035.6200000000001,4,3,3,433,10,Potential Loyalists
14903.0,21,5,2795.33,4,4,4,444,12,Champions
14904.0,2,4,1630.49,5,3,4,534,12,Potential Loyalists
14905.0,157,8,1971.39,3,4,4,344,11,Loyal Customers
14906.0,445,1,68.44,1,1,1,111,3,Hibernating
14907.0,3,16,5547.72,5,5,5,555,15,Champions
14908.0,74,2,381.9,3,2,2,322,7,Others
14909.0,437,3,1404.68,1,3,4,134,8,At Risk
14910.0,2,4,434.35,5,3,2,532,10,Potential Loyalists
14911.0,1,398,291420.81,5,5,5,555,15,Champions
14912.0,16,6,1889.25,5,4,4,544,13,Champions
14913.0,35,8,4073.13,4,4,5,445,13,Champions
14915.0,91,11,1811.25,3,5,4,354,12,Loyal Customers
14916.0,70,8,3042.95,3,4,5,345,12,Loyal Customers
14917.0,596,2,1123.75,1,2,3,123,6,Others
14918.0,115,9,5955.81,3,5,5,355,13,Loyal Customers
14919.0,539,1,359.35,1,1,2,112,4,Hibernating
14920.0,212,3,1607.17,2,3,4,234,9,At Risk
14921.0,30,2,1316.07,4,2,4,424,10,Potential Loyalists
14922.0,393,2,843.74,2,2,3,223,7,Others
14923.0,50,1,749.1,4,1,3,413,8,Potential Loyalists
14924.0,245,3,931.01,2,3,3,233,8,At Risk
14926.0,381,2,359.4,2,2,2,222,6,Hibernating
14927.0,396,1,308.2,2,1,2,212,5,Hibernating
14928.0,627,1,223.91000000000003,1,1,1,111,3,Hibernating
14929.0,32,2,836.69,4,2,3,423,9,Potential Loyalists
14930.0,108,6,5236.7300000000005,3,4,5,345,12,Loyal Customers
14931.0,4,5,1257.68,5,4,4,544,13,Champions
14932.0,365,2,666.13,2,2,3,223,7,Others
14933.0,443,4,1770.0,1,3,4,134,8,At Risk
14934.0,81,5,3503.5,3,4,5,345,12,Loyal Customers
14935.0,297,2,2849.83,2,2,4,224,8,Others
14936.0,33,12,12410.81,4,5,5,455,14,Champions
14937.0,56,3,1621.88,4,3,4,434,11,Potential Loyalists
14938.0,562,2,2322.43,1,2,4,124,7,Others
14940.0,417,2,531.49,1,2,2,122,5,Hibernating
14941.0,578,1,182.1,1,1,1,111,3,Hibernating
14942.0,401,4,746.56,2,3,3,233,8,At Risk
14943.0,663,1,107.62,1,1,1,111,3,Hibernating
14944.0,29,19,9784.67,4,5,5,455,14,Champions
14945.0,413,1,179.4,1,1,1,111,3,Hibernating
14946.0,14,1,100.9,5,1,1,511,7,Others
14947.0,72,6,1049.79,3,4,3,343,10,Loyal Customers
14948.0,23,6,1101.97,4,4,3,443,11,Loyal Customers
14949.0,469,4,515.0,1,3,2,132,6,Others
14950.0,19,1,371.2,5,1,2,512,8,Potential Loyalists
14951.0,79,1,311.69,3,1,2,312,6,Others
14952.0,59,32,17629.35,3,5,5,355,13,Loyal Customers
14953.0,25,4,971.32,4,3,3,433,10,Potential Loyalists
14954.0,12,2,462.12,5,2,2,522,9,Potential Loyalists
14955.0,732,1,163.77,1,1,1,111,3,Hibernating
14956.0,421,1,1325.0,1,1,4,114,6,Others
14957.0,253,2,261.69,2,2,1,221,5,Hibernating
14958.0,147,6,941.99,3,4,3,343,10,Loyal Customers
14959.0,64,4,695.42,3,3,3,333,9,Others
14960.0,8,2,221.27,5,2,1,521,8,Others
14961.0,10,22,16410.15,5,5,5,555,15,Champions
14962.0,270,4,366.91,2,3,2,232,7,Others
14963.0,9,12,3123.57,5,5,5,555,15,Champions
14964.0,247,1,206.21,2,1,1,211,4,Hibernating
14965.0,96,2,596.09,3,2,2,322,7,Others
14966.0,14,6,1064.26,5,4,3,543,12,Loyal Customers
14967.0,49,6,1982.6100000000001,4,4,4,444,12,Champions
14968.0,30,2,501.24,4,2,2,422,8,Potential Loyalists
14969.0,703,1,906.23,1,1,3,113,5,Others
14970.0,68,12,4919.35,3,5,5,355,13,Loyal Customers
14971.0,35,3,1097.98,4,3,3,433,10,Potential Loyalists
14972.0,128,2,145.07,3,2,1,321,6,Others
14973.0,107,3,1314.45,3,3,4,334,10,Others
14974.0,37,1,89.94,4,1,1,411,6,Others
14975.0,57,2,472.39,4,2,2,422,8,Potential Loyalists
14976.0,57,7,790.86,4,4,3,443,11,Loyal Customers
14977.0,725,1,31.929999999999996,1,1,1,111,3,Hibernating
14978.0,72,10,3112.19,3,5,5,355,13,Loyal Customers
14979.0,735,1,429.66,1,1,2,112,4,Hibernating
14980.0,737,1,150.68,1,1,1,111,3,Hibernating
14981.0,246,2,372.92,2,2,2,222,6,Hibernating
14982.0,572,1,237.78,1,1,1,111,3,Hibernating
14983.0,689,1,183.20000000000002,1,1,1,111,3,Hibernating
14984.0,19,6,1260.51,5,4,4,544,13,Champions
14985.0,198,2,292.01,2,2,2,222,6,Hibernating
14986.0,376,2,563.1,2,2,2,222,6,Hibernating
14987.0,15,8,1550.6499999999999,5,4,4,544,13,Champions
14988.0,211,7,2038.65,2,4,4,244,10,At Risk
14989.0,661,1,342.4,1,1,2,112,4,Hibernating
14990.0,612,2,304.17,1,2,2,122,5,Hibernating
14991.0,430,1,314.67,1,1,2,112,4,Hibernating
14992.0,442,1,210.5,1,1,1,111,3,Hibernating
14993.0,563,1,36.13,1,1,1,111,3,Hibernating
14994.0,382,5,946.72,2,4,3,243,9,At Risk
14995.0,38,2,231.98000000000002,4,2,1,421,7,Others
14996.0,481,2,442.28999999999996,1,2,2,122,5,Hibernating
14997.0,46,4,776.5999999999999,4,3,3,433,10,Potential Loyalists
14998.0,170,4,753.18,3,3,3,333,9,Others
14999.0,592,1,129.48000000000002,1,1,1,111,3,Hibernating
15000.0,47,1,490.52,4,1,2,412,7,Potential Loyalists
15001.0,394,2,199.10999999999999,2,2,1,221,5,Hibernating
15002.0,115,9,4138.08,3,5,5,355,13,Loyal Customers
15003.0,473,6,1027.03,1,4,3,143,8,At Risk
15004.0,147,1,1220.77,3,1,3,313,7,Others
15005.0,15,56,13754.58,5,5,5,555,15,Champions
15006.0,51,2,757.78,4,2,3,423,9,Potential Loyalists
15007.0,159,1,156.91,3,1,1,311,5,Others
15008.0,480,2,360.0,1,2,2,122,5,Hibernating
15009.0,12,3,1259.43,5,3,4,534,12,Potential Loyalists
15010.0,35,1,308.94,4,1,2,412,7,Potential Loyalists
15011.0,395,2,416.6,2,2,2,222,6,Hibernating
15012.0,53,3,646.26,4,3,3,433,10,Potential Loyalists
15013.0,487,10,1610.82,1,5,4,154,10,At Risk
15014.0,43,2,257.67,4,2,1,421,7,Others
15015.0,501,13,2354.97,1,5,4,154,10,At Risk
15016.0,172,5,620.89,3,4,3,343,10,Loyal Customers
15017.0,33,1,125.58,4,1,1,411,6,Others
15018.0,38,3,496.21000000000004,4,3,2,432,9,Potential Loyalists
15019.0,266,1,252.81,2,1,1,211,4,Hibernating
15020.0,379,1,198.47,2,1,1,211,4,Hibernating
15021.0,8,12,2500.59,5,5,4,554,14,Champions
15022.0,11,5,1133.44,5,4,3,543,12,Loyal Customers
15023.0,3,20,11578.65,5,5,5,555,15,Champions
15024.0,9,16,3559.39,5,5,5,555,15,Champions
15025.0,33,2,979.79,4,2,3,423,9,Potential Loyalists
15026.0,80,5,1048.8899999999999,3,4,3,343,10,Loyal Customers
15027.0,30,10,3195.6,4,5,5,455,14,Champions
15028.0,8,6,962.94,5,4,3,543,12,Loyal Customers
15029.0,619,1,365.1,1,1,2,112,4,Hibernating
15030.0,71,8,1979.91,3,4,4,344,11,Loyal Customers
15031.0,4,14,3102.94,5,5,5,555,15,Champions
15032.0,256,8,11010.05,2,4,5,245,11,At Risk
15033.0,4,10,2557.18,5,5,4,554,14,Champions
15034.0,15,14,8231.2,5,5,5,555,15,Champions
15035.0,89,1,252.73000000000002,3,1,1,311,5,Others
15036.0,72,3,429.56,3,3,2,332,8,Others
15037.0,376,2,397.76,2,2,2,222,6,Hibernating
15038.0,58,9,1146.53,4,5,3,453,12,Loyal Customers
15039.0,9,93,39141.48,5,5,5,555,15,Champions
15040.0,541,1,7.49,1,1,1,111,3,Hibernating
15041.0,170,2,289.4,3,2,2,322,7,Others
15042.0,199,2,315.45,2,2,2,222,6,Hibernating
15043.0,31,6,2870.3199999999997,4,4,4,444,12,Champions
15044.0,19,35,16024.15,5,5,5,555,15,Champions
15045.0,151,2,735.66,3,2,3,323,8,Others
15046.0,9,25,7623.79,5,5,5,555,15,Champions
15047.0,269,1,343.62,2,1,2,212,5,Hibernating
15048.0,65,4,381.0,3,3,2,332,8,Others
15049.0,273,1,121.17000000000002,2,1,1,211,4,Hibernating
15050.0,25,5,4087.19,4,4,5,445,13,Champions
15051.0,23,9,3926.91,4,5,5,455,14,Champions
15052.0,319,1,207.73000000000002,2,1,1,211,4,Hibernating
15053.0,4,3,693.95,5,3,3,533,11,Potential Loyalists
15054.0,12,2,302.1,5,2,2,522,9,Potential Loyalists
15055.0,474,3,549.12,1,3,2,132,6,Others
15056.0,520,1,113.64999999999999,1,1,1,111,3,Hibernating
15057.0,275,5,3255.96,2,4,5,245,11,At Risk
15058.0,25,16,3387.58,4,5,5,455,14,Champions
15059.0,40,19,3491.2,4,5,5,455,14,Champions
15060.0,8,4,294.25,5,3,2,532,10,Potential Loyalists
15061.0,3,127,126389.02,5,5,5,555,15,Champions
15062.0,71,8,2585.62,3,4,4,344,11,Loyal Customers
15063.0,213,1,370.79999999999995,2,1,2,212,5,Hibernating
15064.0,410,4,1254.41,2,3,4,234,9,At Risk
15065.0,37,5,3326.86,4,4,5,445,13,Champions
15066.0,53,1,893.59,4,1,3,413,8,Potential Loyalists
15067.0,78,5,3862.88,3,4,5,345,12,Loyal Customers
15068.0,46,4,1174.9,4,3,3,433,10,Potential Loyalists
15069.0,179,1,1109.53,3,1,3,313,7,Others
15070.0,372,3,737.0500000000001,2,3,3,233,8,At Risk
15071.0,93,4,1455.56,3,3,4,334,10,Others
15072.0,479,1,187.51999999999998,1,1,1,111,3,Hibernating
15073.0,9,8,2788.02,5,4,4,544,13,Champions
15074.0,105,3,1553.1299999999999,3,3,4,334,10,Others
15075.0,77,1,773.03,3,1,3,313,7,Others
15076.0,172,3,1447.74,3,3,4,334,10,Others
15077.0,494,2,2428.08,1,2,4,124,7,Others
15078.0,7,53,17286.73,5,5,5,555,15,Champions
15079.0,212,11,3625.4,2,5,5,255,12,At Risk
15080.0,427,2,546.25,1,2,2,122,5,Hibernating
15081.0,22,12,1854.57,4,5,4,454,13,Champions
15082.0,668,1,93.35000000000001,1,1,1,111,3,Hibernating
15083.0,256,1,88.2,2,1,1,211,4,Hibernating
15084.0,379,2,965.2,2,2,3,223,7,Others
15085.0,729,1,347.54,1,1,2,112,4,Hibernating
15086.0,564,2,218.53,1,2,1,121,4,Hibernating
15087.0,281,1,306.94,2,1,2,212,5,Hibernating
15088.0,21,2,1160.07,4,2,3,423,9,Potential Loyalists
15089.0,10,6,2420.84,5,4,4,544,13,Champions
15090.0,308,1,381.32,2,1,2,212,5,Hibernating
15091.0,67,3,1046.6100000000001,3,3,3,333,9,Others
15092.0,215,3,776.46,2,3,3,233,8,At Risk
15093.0,18,23,13702.38,5,5,5,555,15,Champions
15094.0,463,2,83.0,1,2,1,121,4,Hibernating
15095.0,103,10,3141.64,3,5,5,355,13,Loyal Customers
15096.0,42,1,219.39000000000001,4,1,1,411,6,Others
15097.0,4,3,908.35,5,3,3,533,11,Potential Loyalists
15098.0,182,3,39916.5,3,3,5,335,11,Others
15099.0,84,1,410.48,3,1,2,312,6,Others
15100.0,333,7,2193.8999999999996,2,4,4,244,10,At Risk
15101.0,8,6,1477.94,5,4,4,544,13,Champions
15102.0,530,2,554.67,1,2,2,122,5,Hibernating
15103.0,31,2,703.36,4,2,3,423,9,Potential Loyalists
15104.0,196,2,993.54,2,2,3,223,7,Others
15105.0,18,9,3094.91,5,5,5,555,15,Champions
15106.0,17,5,1422.52,5,4,4,544,13,Champions
15107.0,311,9,824.35,2,5,3,253,10,At Risk
15108.0,141,4,1300.25,3,3,4,334,10,Others
15109.0,245,3,983.1,2,3,3,233,8,At Risk
15110.0,23,6,1505.8500000000001,4,4,4,444,12,Champions
15111.0,29,5,2442.37,4,4,4,444,12,Champions
15112.0,611,1,209.4,1,1,1,111,3,Hibernating
15113.0,9,3,3509.43,5,3,5,535,13,Potential Loyalists
15114.0,30,12,3400.12,4,5,5,455,14,Champions
15115.0,18,2,531.85,5,2,2,522,9,Potential Loyalists
15116.0,17,4,1352.75,5,3,4,534,12,Potential Loyalists
15117.0,14,8,2485.9700000000003,5,4,4,544,13,Champions
15118.0,134,1,244.8,3,1,1,311,5,Others
15119.0,245,1,266.4,2,1,1,211,4,Hibernating
15120.0,133,1,358.82,3,1,2,312,6,Others
15121.0,50,2,457.72,4,2,2,422,8,Potential Loyalists
15122.0,114,11,4487.27,3,5,5,355,13,Loyal Customers
15123.0,7,5,4656.17,5,4,5,545,14,Champions
15124.0,22,4,450.82,4,3,2,432,9,Potential Loyalists
15125.0,25,24,17024.87,4,5,5,455,14,Champions
15126.0,536,2,449.49,1,2,2,122,5,Hibernating
15127.0,65,2,711.5,3,2,3,323,8,Others
15128.0,60,5,1783.68,3,4,4,344,11,Loyal Customers
15129.0,50,23,6860.18,4,5,5,455,14,Champions
15130.0,169,1,330.11,3,1,2,312,6,Others
15131.0,394,1,80.28,2,1,1,211,4,Hibernating
15132.0,18,5,977.9300000000001,5,4,3,543,12,Loyal Customers
15133.0,127,5,1806.9,3,4,4,344,11,Loyal Customers
15134.0,14,10,1596.29,5,5,4,554,14,Champions
15135.0,239,2,305.68,2,2,2,222,6,Hibernating
15136.0,2,4,1286.7,5,3,4,534,12,Potential Loyalists
15137.0,520,2,823.4,1,2,3,123,6,Others
15138.0,393,1,502.52,2,1,2,212,5,Hibernating
15139.0,239,2,178.96,2,2,1,221,5,Hibernating
15140.0,52,8,3243.69,4,4,5,445,13,Champions
15141.0,457,7,1388.47,1,4,4,144,9,At Risk
15142.0,46,6,2619.92,4,4,4,444,12,Champions
15143.0,225,2,563.63,2,2,2,222,6,Hibernating
15144.0,8,29,12160.31,5,5,5,555,15,Champions
15145.0,4,4,1194.73,5,3,3,533,11,Potential Loyalists
15146.0,164,2,1327.16,3,2,4,324,9,Others
15147.0,240,1,623.5,2,1,3,213,6,Others
15148.0,10,1,301.29,5,1,2,512,8,Potential Loyalists
15149.0,133,5,1554.6100000000001,3,4,4,344,11,Loyal Customers
15150.0,17,13,8977.94,5,5,5,555,15,Champions
15151.0,423,2,2085.61,1,2,4,124,7,Others
15152.0,9,14,5263.83,5,5,5,555,15,Champions
15153.0,31,1,329.25,4,1,2,412,7,Potential Loyalists
15154.0,75,3,1343.72,3,3,4,334,10,Others
15155.0,383,1,383.96999999999997,2,1,2,212,5,Hibernating
15156.0,1,3,961.49,5,3,3,533,11,Potential Loyalists
15157.0,3,5,2654.11,5,4,4,544,13,Champions
15158.0,45,2,606.02,4,2,2,422,8,Potential Loyalists
15159.0,1,34,22116.73,5,5,5,555,15,Champions
15160.0,357,4,589.27,2,3,2,232,7,Others
15161.0,388,1,119.92,2,1,1,211,4,Hibernating
15162.0,731,1,312.9,1,1,2,112,4,Hibernating
15163.0,18,2,304.47,5,2,2,522,9,Potential Loyalists
15164.0,68,9,2028.1100000000001,3,5,4,354,12,Loyal Customers
15165.0,373,1,487.75,2,1,2,212,5,Hibernating
15166.0,467,1,167.16,1,1,1,111,3,Hibernating
15167.0,320,5,1627.62,2,4,4,244,10,At Risk
15168.0,25,1,106.56,4,1,1,411,6,Others
15169.0,382,2,569.22,2,2,2,222,6,Hibernating
15170.0,406,1,81.15,2,1,1,211,4,Hibernating
15171.0,331,1,1289.5,2,1,4,214,7,Others
15172.0,8,5,1624.05,5,4,4,544,13,Champions
15173.0,380,7,1494.6,2,4,4,244,10,At Risk
15174.0,322,2,481.46,2,2,2,222,6,Hibernating
15175.0,71,1,224.14,3,1,1,311,5,Others
15176.0,667,1,988.04,1,1,3,113,5,Others
15177.0,425,1,948.93,1,1,3,113,5,Others
15178.0,260,1,40.5,2,1,1,211,4,Hibernating
15179.0,18,13,7491.92,5,5,5,555,15,Champions
15180.0,367,3,816.9300000000001,2,3,3,233,8,At Risk
15181.0,66,5,1200.2,3,4,3,343,10,Loyal Customers
15182.0,154,11,2998.952,3,5,5,355,13,Loyal Customers
15183.0,547,3,639.93,1,3,3,133,7,At Risk
15184.0,29,4,685.39,4,3,3,433,10,Potential Loyalists
15185.0,70,1,310.62,3,1,2,312,6,Others
15186.0,14,5,1403.2,5,4,4,544,13,Champions
15187.0,1,16,4777.18,5,5,5,555,15,Champions
15188.0,725,1,310.43,1,1,2,112,4,Hibernating
15189.0,1,46,17524.38,5,5,5,555,15,Champions
15190.0,434,1,834.4399999999999,1,1,3,113,5,Others
15191.0,463,3,588.05,1,3,2,132,6,Others
15192.0,119,5,1666.39,3,4,4,344,11,Loyal Customers
15193.0,60,1,499.32,3,1,2,312,6,Others
15194.0,3,28,12021.53,5,5,5,555,15,Champions
15195.0,2,1,3861.0,5,1,5,515,11,Potential Loyalists
15196.0,432,2,313.7,1,2,2,122,5,Hibernating
15197.0,10,6,1877.51,5,4,4,544,13,Champions
15198.0,92,5,571.35,3,4,2,342,9,Others
15199.0,59,10,3122.4,3,5,5,355,13,Loyal Customers
15200.0,494,1,549.05,1,1,2,112,4,Hibernating
15201.0,87,7,1842.95,3,4,4,344,11,Loyal Customers
15202.0,420,3,6001.49,1,3,5,135,9,At Risk
15203.0,25,15,4400.18,4,5,5,455,14,Champions
15204.0,357,1,316.58,2,1,2,212,5,Hibernating
15205.0,85,2,653.24,3,2,3,323,8,Others
15206.0,10,4,420.29999999999995,5,3,2,532,10,Potential Loyalists
15207.0,416,3,683.9200000000001,1,3,3,133,7,At Risk
15208.0,1,6,970.52,5,4,3,543,12,Loyal Customers
15209.0,730,1,178.98000000000002,1,1,1,111,3,Hibernating
15210.0,225,3,1176.19,2,3,3,233,8,At Risk
15211.0,60,2,894.4100000000001,3,2,3,323,8,Others
15212.0,241,2,208.28,2,2,1,221,5,Hibernating
15213.0,318,2,328.35,2,2,2,222,6,Hibernating
15214.0,1,8,1661.44,5,4,4,544,13,Champions
15215.0,46,7,2422.43,4,4,4,444,12,Champions
15216.0,87,2,486.09,3,2,2,322,7,Others
15217.0,563,1,426.24,1,1,2,112,4,Hibernating
15218.0,10,22,11468.83,5,5,5,555,15,Champions
15219.0,176,2,685.45,3,2,3,323,8,Others
15220.0,51,6,1778.96,4,4,4,444,12,Champions
15221.0,366,4,2062.2000000000003,2,3,4,234,9,At Risk
15222.0,318,11,3550.91,2,5,5,255,12,At Risk
15223.0,225,5,1417.95,2,4,4,244,10,At Risk
15224.0,358,5,871.36,2,4,3,243,9,At Risk
15225.0,234,1,409.40000000000003,2,1,2,212,5,Hibernating
15226.0,310,1,154.41,2,1,1,211,4,Hibernating
15227.0,36,9,2488.4900000000002,4,5,4,454,13,Champions
15228.0,66,6,5580.2699999999995,3,4,5,345,12,Loyal Customers
15229.0,586,1,160.5,1,1,1,111,3,Hibernating
15230.0,239,2,429.6,2,2,2,222,6,Hibernating
15231.0,621,1,250.26,1,1,1,111,3,Hibernating
15232.0,113,2,612.06,3,2,3,323,8,Others
15233.0,401,1,59.400000000000006,2,1,1,211,4,Hibernating
15234.0,276,1,197.0,2,1,1,211,4,Hibernating
15235.0,217,16,2772.76,2,5,4,254,11,At Risk
15236.0,298,1,321.05,2,1,2,212,5,Hibernating
15237.0,1,4,1412.32,5,3,4,534,12,Potential Loyalists
15238.0,29,3,1071.99,4,3,3,433,10,Potential Loyalists
15239.0,10,2,780.59,5,2,3,523,10,Potential Loyalists
15240.0,44,12,4459.98,4,5,5,455,14,Champions
15241.0,66,11,3050.16,3,5,5,355,13,Loyal Customers
15242.0,422,1,302.04,1,1,2,112,4,Hibernating
15243.0,74,2,927.2800000000001,3,2,3,323,8,Others
15244.0,65,3,912.08,3,3,3,333,9,Others
15245.0,134,8,4610.84,3,4,5,345,12,Loyal Customers
15246.0,238,3,780.4,2,3,3,233,8,At Risk
15247.0,122,3,976.06,3,3,3,333,9,Others
15248.0,411,3,1893.93,1,3,4,134,8,At Risk
15249.0,31,18,9266.0,4,5,5,455,14,Champions
15250.0,640,1,60.0,1,1,1,111,3,Hibernating
15251.0,9,21,20324.54,5,5,5,555,15,Champions
15252.0,36,5,2103.41,4,4,4,444,12,Champions
15253.0,16,8,2055.09,5,4,4,544,13,Champions
15254.0,127,3,1088.35,3,3,3,333,9,Others
15255.0,66,9,3706.02,3,5,5,355,13,Loyal Customers
15256.0,148,2,170.4,3,2,1,321,6,Others
15257.0,283,2,685.9,2,2,3,223,7,Others
15258.0,168,2,623.16,3,2,3,323,8,Others
15259.0,512,4,1182.3799999999999,1,3,3,133,7,At Risk
15260.0,100,25,8767.73,3,5,5,355,13,Loyal Customers
15261.0,135,4,1508.0,3,3,4,334,10,Others
15262.0,323,3,418.82,2,3,2,232,7,Others
15263.0,106,1,156.51,3,1,1,311,5,Others
15264.0,64,2,848.4,3,2,3,323,8,Others
15265.0,151,4,3345.64,3,3,5,335,11,Others
15266.0,338,5,852.21,2,4,3,243,9,At Risk
15267.0,22,5,1717.36,4,4,4,444,12,Champions
15268.0,478,3,961.9000000000001,1,3,3,133,7,At Risk
15269.0,23,3,1225.3600000000001,4,3,4,434,11,Potential Loyalists
15270.0,15,21,8524.86,5,5,5,555,15,Champions
15271.0,7,24,4528.54,5,5,5,555,15,Champions
15272.0,57,6,2030.95,4,4,4,444,12,Champions
15273.0,599,1,228.96,1,1,1,111,3,Hibernating
15274.0,4,2,716.57,5,2,3,523,10,Potential Loyalists
15275.0,37,1,615.14,4,1,3,413,8,Potential Loyalists
15276.0,66,4,619.8,3,3,3,333,9,Others
15277.0,46,2,476.34,4,2,2,422,8,Potential Loyalists
15278.0,561,4,496.15999999999997,1,3,2,132,6,Others
15279.0,354,5,1580.54,2,4,4,244,10,At Risk
15280.0,172,3,397.52,3,3,2,332,8,Others
15281.0,58,16,8543.57,4,5,5,455,14,Champions
15282.0,570,1,348.59,1,1,2,112,4,Hibernating
15283.0,390,3,148.33,2,3,1,231,6,Others
15284.0,500,1,24.75,1,1,1,111,3,Hibernating
15285.0,407,1,94.92,2,1,1,211,4,Hibernating
15286.0,49,1,240.55,4,1,1,411,6,Others
15287.0,22,5,856.03,4,4,3,443,11,Loyal Customers
15288.0,43,10,3715.38,4,5,5,455,14,Champions
15289.0,29,5,1593.09,4,4,4,444,12,Champions
15290.0,4,26,10496.28,5,5,5,555,15,Champions
15291.0,25,40,13517.76,4,5,5,455,14,Champions
15292.0,201,1,178.39,2,1,1,211,4,Hibernating
15293.0,665,1,247.5,1,1,1,111,3,Hibernating
15294.0,410,1,233.35,2,1,1,211,4,Hibernating
15295.0,654,1,207.04,1,1,1,111,3,Hibernating
15296.0,50,12,10323.03,4,5,5,455,14,Champions
15297.0,10,3,641.94,5,3,3,533,11,Potential Loyalists
15298.0,2,23,9061.77,5,5,5,555,15,Champions
15299.0,67,10,6156.53,3,5,5,355,13,Loyal Customers
15300.0,64,1,496.44,3,1,2,312,6,Others
15301.0,50,17,6909.67,4,5,5,455,14,Champions
15302.0,730,1,308.0,1,1,2,112,4,Hibernating
15303.0,290,3,1224.18,2,3,4,234,9,At Risk
15304.0,60,9,796.4000000000001,3,5,3,353,11,Loyal Customers
15305.0,555,1,93.6,1,1,1,111,3,Hibernating
15306.0,64,9,3484.73,3,5,5,355,13,Loyal Customers
15307.0,95,1,205.3,3,1,1,311,5,Others
15308.0,274,1,310.47,2,1,2,212,5,Hibernating
15309.0,610,4,797.96,1,3,3,133,7,At Risk
15310.0,478,1,1634.64,1,1,4,114,6,Others
15311.0,0,208,114966.42,5,5,5,555,15,Champions
15312.0,75,12,2930.19,3,5,5,355,13,Loyal Customers
15313.0,110,1,52.0,3,1,1,311,5,Others
15314.0,199,3,820.4499999999999,2,3,3,233,8,At Risk
15315.0,64,2,570.5,3,2,2,322,7,Others
15316.0,326,1,165.0,2,1,1,211,4,Hibernating
15317.0,677,1,129.75,1,1,1,111,3,Hibernating
15318.0,3,1,312.62,5,1,2,512,8,Potential Loyalists
15319.0,283,1,204.5,2,1,1,211,4,Hibernating
15320.0,44,1,267.13,4,1,1,411,6,Others
15321.0,70,12,6709.7300000000005,3,5,5,355,13,Loyal Customers
15322.0,85,2,1390.86,3,2,4,324,9,Others
15323.0,562,3,434.6,1,3,2,132,6,Others
15324.0,701,1,140.22000000000003,1,1,1,111,3,Hibernating
15325.0,103,8,1601.46,3,4,4,344,11,Loyal Customers
15326.0,333,5,1700.52,2,4,4,244,10,At Risk
15327.0,52,1,208.75,4,1,1,411,6,Others
15328.0,407,1,107.24,2,1,1,211,4,Hibernating
15329.0,39,11,2958.83,4,5,5,455,14,Champions
15330.0,32,2,714.96,4,2,3,423,9,Potential Loyalists
15331.0,499,3,767.91,1,3,3,133,7,At Risk
15332.0,366,6,4892.68,2,4,5,245,11,At Risk
15333.0,208,1,1028.56,2,1,3,213,6,Others
15334.0,156,3,350.82,3,3,2,332,8,Others
15335.0,53,1,170.22,4,1,1,411,6,Others
15336.0,401,1,240.5,2,1,1,211,4,Hibernating
15337.0,411,1,373.02,1,1,2,112,4,Hibernating
15338.0,677,1,277.93,1,1,1,111,3,Hibernating
15339.0,66,7,1821.02,3,4,4,344,11,Loyal Customers
15340.0,561,1,105.5,1,1,1,111,3,Hibernating
15341.0,80,2,2402.7200000000003,3,2,4,324,9,Others
15342.0,129,1,406.09,3,1,2,312,6,Others
15343.0,87,1,364.5,3,1,2,312,6,Others
15344.0,0,3,563.94,5,3,2,532,10,Potential Loyalists
15345.0,45,1,393.54,4,1,2,412,7,Potential Loyalists
15346.0,332,3,596.12,2,3,2,232,7,Others
15347.0,366,4,1162.0,2,3,3,233,8,At Risk
15348.0,72,1,158.04,3,1,1,311,5,Others
15349.0,158,2,463.90999999999997,3,2,2,322,7,Others
15350.0,373,2,547.6,2,2,2,222,6,Hibernating
15351.0,12,10,3430.22,5,5,5,555,15,Champions
15352.0,548,1,111.15,1,1,1,111,3,Hibernating
15353.0,254,7,2794.4700000000003,2,4,4,244,10,At Risk
15354.0,603,3,284.4,1,3,1,131,5,Others
15355.0,29,2,277.05,4,2,1,421,7,Others
15356.0,31,13,3239.57,4,5,5,455,14,Champions
15358.0,4,42,16425.86,5,5,5,555,15,Champions
15359.0,662,8,181.35,1,4,1,141,6,Others
15360.0,39,1,427.93,4,1,2,412,7,Potential Loyalists
15361.0,361,4,689.07,2,3,3,233,8,At Risk
15362.0,448,2,613.08,1,2,3,123,6,Others
15363.0,372,2,678.11,2,2,3,223,7,Others
15364.0,95,2,913.19,3,2,3,323,8,Others
15365.0,25,13,4557.13,4,5,5,455,14,Champions
15366.0,75,7,2389.08,3,4,4,344,11,Loyal Customers
15367.0,57,11,5081.33,4,5,5,455,14,Champions
15368.0,21,2,722.74,4,2,3,423,9,Potential Loyalists
15369.0,492,11,6251.26,1,5,5,155,11,At Risk
15370.0,40,8,3739.01,4,4,5,445,13,Champions
15371.0,662,1,59.400000000000006,1,1,1,111,3,Hibernating
15372.0,137,8,6017.06,3,4,5,345,12,Loyal Customers
15373.0,8,17,3084.54,5,5,5,555,15,Champions
15374.0,128,2,307.32,3,2,2,322,7,Others
15375.0,690,1,60.959999999999994,1,1,1,111,3,Hibernating
15376.0,40,3,1221.56,4,3,4,434,11,Potential Loyalists
15377.0,382,4,1211.75,2,3,3,233,8,At Risk
15378.0,462,2,246.5,1,2,1,121,4,Hibernating
15379.0,169,8,4877.84,3,4,5,345,12,Loyal Customers
15380.0,8,11,3248.96,5,5,5,555,15,Champions
15381.0,213,5,1890.5700000000002,2,4,4,244,10,At Risk
15382.0,14,12,13733.550000000001,5,5,5,555,15,Champions
15384.0,169,4,2027.79,3,3,4,334,10,Others
15385.0,40,3,942.08,4,3,3,433,10,Potential Loyalists
15386.0,186,1,394.14,3,1,2,312,6,Others
15387.0,492,1,468.65,1,1,2,112,4,Hibernating
15388.0,270,1,140.54,2,1,1,211,4,Hibernating
15389.0,172,5,2733.8,3,4,4,344,11,Loyal Customers
15390.0,396,2,1216.66,2,2,3,223,7,Others
15391.0,584,1,289.87,1,1,2,112,4,Hibernating
15392.0,4,7,2911.62,5,4,5,545,14,Champions
15393.0,16,5,891.34,5,4,3,543,12,Loyal Customers
15394.0,9,11,5286.8,5,5,5,555,15,Champions
15395.0,325,1,107.45,2,1,1,211,4,Hibernating
15396.0,112,2,796.38,3,2,3,323,8,Others
15397.0,289,1,94.0,2,1,1,211,4,Hibernating
15398.0,16,2,1345.53,5,2,4,524,11,Potential Loyalists
15399.0,1,3,815.77,5,3,3,533,11,Potential Loyalists
15400.0,92,8,1302.3,3,4,4,344,11,Loyal Customers
15401.0,452,2,216.95000000000002,1,2,1,121,4,Hibernating
15402.0,148,6,1830.54,3,4,4,344,11,Loyal Customers
15403.0,491,2,170.88,1,2,1,121,4,Hibernating
15404.0,375,1,257.06,2,1,1,211,4,Hibernating
15405.0,189,2,659.84,3,2,3,323,8,Others
15406.0,31,4,975.87,4,3,3,433,10,Potential Loyalists
15407.0,33,4,1046.74,4,3,3,433,10,Potential Loyalists
15408.0,264,1,267.18,2,1,1,211,4,Hibernating
15409.0,721,1,131.25,1,1,1,111,3,Hibernating
15410.0,84,10,4685.72,3,5,5,355,13,Loyal Customers
15411.0,26,4,1348.93,4,3,4,434,11,Potential Loyalists
15412.0,171,1,190.53,3,1,1,311,5,Others
15413.0,691,5,6798.72,1,4,5,145,10,At Risk
15414.0,9,3,774.9000000000001,5,3,3,533,11,Potential Loyalists
15415.0,313,1,559.61,2,1,2,212,5,Hibernating
15416.0,64,7,4572.82,3,4,5,345,12,Loyal Customers
15417.0,85,1,508.8,3,1,2,312,6,Others
15418.0,425,2,449.42,1,2,2,122,5,Hibernating
15419.0,24,1,135.86,4,1,1,411,6,Others
15420.0,434,6,743.0,1,4,3,143,8,At Risk
15421.0,58,10,3805.34,4,5,5,455,14,Champions
15422.0,323,7,1619.97,2,4,4,244,10,At Risk
15423.0,38,3,266.89,4,3,1,431,8,Others
15424.0,254,3,597.78,2,3,2,232,7,Others
15425.0,400,4,1941.1200000000001,2,3,4,234,9,At Risk
15426.0,19,9,2156.35,5,5,4,554,14,Champions
15427.0,33,3,1430.54,4,3,4,434,11,Potential Loyalists
15428.0,15,4,762.75,5,3,3,533,11,Potential Loyalists
15429.0,26,2,397.35,4,2,2,422,8,Potential Loyalists
15430.0,467,2,954.75,1,2,3,123,6,Others
15431.0,502,1,153.24,1,1,1,111,3,Hibernating
15432.0,23,2,320.76,4,2,2,422,8,Potential Loyalists
15433.0,213,2,533.3,2,2,2,222,6,Hibernating
15434.0,8,11,2567.06,5,5,4,554,14,Champions
15435.0,22,1,149.29,4,1,1,411,6,Others
15436.0,12,3,1067.75,5,3,3,533,11,Potential Loyalists
15437.0,262,2,393.45,2,2,2,222,6,Hibernating
15438.0,131,1,156.57999999999998,3,1,1,311,5,Others
15439.0,404,4,1269.05,2,3,4,234,9,At Risk
15440.0,54,3,383.68,4,3,2,432,9,Potential Loyalists
15441.0,396,3,1254.21,2,3,4,234,9,At Risk
15442.0,248,1,594.0,2,1,2,212,5,Hibernating
15443.0,1,14,5114.23,5,5,5,555,15,Champions
15444.0,9,2,1411.21,5,2,4,524,11,Potential Loyalists
15445.0,264,2,284.5,2,2,1,221,5,Hibernating
15446.0,376,3,399.75,2,3,2,232,7,Others
15447.0,330,5,492.88,2,4,2,242,8,Others
15448.0,312,2,788.81,2,2,3,223,7,Others
15449.0,26,3,974.52,4,3,3,433,10,Potential Loyalists
15450.0,30,1,429.84,4,1,2,412,7,Potential Loyalists
15451.0,434,2,226.86,1,2,1,121,4,Hibernating
15452.0,29,6,1785.1100000000001,4,4,4,444,12,Champions
15453.0,1,7,1371.77,5,4,4,544,13,Champions
15454.0,362,2,305.99,2,2,2,222,6,Hibernating
15455.0,597,1,38.25,1,1,1,111,3,Hibernating
15456.0,283,10,2091.52,2,5,4,254,11,At Risk
15457.0,262,1,237.07,2,1,1,211,4,Hibernating
15458.0,25,2,370.43999999999994,4,2,2,422,8,Potential Loyalists
15459.0,417,2,202.82999999999998,1,2,1,121,4,Hibernating
15460.0,354,1,214.26,2,1,1,211,4,Hibernating
15461.0,460,2,429.7,1,2,2,122,5,Hibernating
15462.0,94,4,737.05,3,3,3,333,9,Others
15463.0,29,1,126.14,4,1,1,411,6,Others
15464.0,338,1,1044.65,2,1,3,213,6,Others
15465.0,19,32,12100.4,5,5,5,555,15,Champions
15466.0,85,4,1560.46,3,3,4,334,10,Others
15467.0,9,3,524.88,5,3,2,532,10,Potential Loyalists
15468.0,51,3,1430.48,4,3,4,434,11,Potential Loyalists
15469.0,50,3,874.25,4,3,3,433,10,Potential Loyalists
15470.0,575,1,63.419999999999995,1,1,1,111,3,Hibernating
15471.0,2,3,1292.01,5,3,4,534,12,Potential Loyalists
15472.0,113,1,371.56,3,1,2,312,6,Others
15473.0,14,8,2046.0,5,4,4,544,13,Champions
15474.0,595,1,150.35,1,1,1,111,3,Hibernating
15475.0,77,1,454.10999999999996,3,1,2,312,6,Others
15476.0,380,4,2209.98,2,3,4,234,9,At Risk
15477.0,649,1,368.4,1,1,2,112,4,Hibernating
15478.0,40,3,1983.48,4,3,4,434,11,Potential Loyalists
15479.0,733,1,147.4,1,1,1,111,3,Hibernating
15480.0,116,5,6279.0,3,4,5,345,12,Loyal Customers
15481.0,401,1,1993.34,2,1,4,214,7,Others
15482.0,15,19,14417.36,5,5,5,555,15,Champions
15483.0,161,10,817.8199999999999,3,5,3,353,11,Loyal Customers
15484.0,1,6,4652.1,5,4,5,545,14,Champions
15485.0,30,7,4810.92,4,4,5,445,13,Champions
15486.0,527,1,102.0,1,1,1,111,3,Hibernating
15487.0,679,1,231.32,1,1,1,111,3,Hibernating
15488.0,92,5,431.92,3,4,2,342,9,Others
15489.0,22,8,2419.61,4,4,4,444,12,Champions
15490.0,430,1,210.85,1,1,1,111,3,Hibernating
15491.0,95,6,3100.09,3,4,5,345,12,Loyal Customers
15492.0,28,2,659.4599999999999,4,2,3,423,9,Potential Loyalists
15493.0,32,9,4121.68,4,5,5,455,14,Champions
15494.0,21,5,3702.6,4,4,5,445,13,Champions
15495.0,379,1,246.5,2,1,1,211,4,Hibernating
15496.0,631,1,146.14000000000001,1,1,1,111,3,Hibernating
15497.0,17,9,8657.39,5,5,5,555,15,Champions
15498.0,2,44,24972.86,5,5,5,555,15,Champions
15499.0,723,1,158.65,1,1,1,111,3,Hibernating
15500.0,8,4,1131.56,5,3,3,533,11,Potential Loyalists
15501.0,404,2,399.95,2,2,2,222,6,Hibernating
15502.0,15,14,13003.869999999999,5,5,5,555,15,Champions
15503.0,362,2,257.3,2,2,1,221,5,Hibernating
15504.0,81,4,402.7,3,3,2,332,8,Others
15505.0,52,5,3610.96,4,4,5,445,13,Champions
15506.0,22,6,2030.33,4,4,4,444,12,Champions
15507.0,171,1,475.86,3,1,2,312,6,Others
15508.0,189,6,1000.27,3,4,3,343,10,Loyal Customers
15509.0,380,1,152.41,2,1,1,211,4,Hibernating
15510.0,330,1,250.0,2,1,1,211,4,Hibernating
15511.0,11,5,900.53,5,4,3,543,12,Loyal Customers
15512.0,155,4,331.58,3,3,2,332,8,Others
15513.0,33,35,26437.05,4,5,5,455,14,Champions
15514.0,12,18,6392.06,5,5,5,555,15,Champions
15515.0,387,1,171.81,2,1,1,211,4,Hibernating
15516.0,44,3,62.43,4,3,1,431,8,Others
15517.0,233,1,267.03,2,1,1,211,4,Hibernating
15518.0,64,15,4189.99,3,5,5,355,13,Loyal Customers
15519.0,383,2,344.61,2,2,2,222,6,Hibernating
15520.0,1,1,343.5,5,1,2,512,8,Potential Loyalists
15521.0,40,16,7098.24,4,5,5,455,14,Champions
15522.0,32,2,397.99,4,2,2,422,8,Potential Loyalists
15523.0,84,16,17259.19,3,5,5,355,13,Loyal Customers
15524.0,24,2,591.4,4,2,2,422,8,Potential Loyalists
15525.0,2,4,890.22,5,3,3,533,11,Potential Loyalists
15526.0,33,2,148.44,4,2,1,421,7,Others
15527.0,18,23,5554.89,5,5,5,555,15,Champions
15528.0,254,1,229.33,2,1,1,211,4,Hibernating
15529.0,22,12,4783.66,4,5,5,455,14,Champions
15530.0,21,5,1808.68,4,4,4,444,12,Champions
15531.0,8,2,1972.39,5,2,4,524,11,Potential Loyalists
15532.0,25,10,3738.85,4,5,5,455,14,Champions
15533.0,19,3,807.57,5,3,3,533,11,Potential Loyalists
15534.0,725,1,162.25,1,1,1,111,3,Hibernating
15535.0,173,6,1044.3700000000001,3,4,3,343,10,Loyal Customers
15536.0,409,1,259.09,2,1,1,211,4,Hibernating
15537.0,163,1,110.92,3,1,1,311,5,Others
15538.0,537,6,3358.3999999999996,1,4,5,145,10,At Risk
15539.0,7,1,538.46,5,1,2,512,8,Potential Loyalists
15540.0,11,2,460.68,5,2,2,522,9,Potential Loyalists
15541.0,114,1,85.13000000000001,3,1,1,311,5,Others
15542.0,512,3,855.71,1,3,3,133,7,At Risk
15543.0,288,2,242.26,2,2,1,221,5,Hibernating
15544.0,9,20,7807.89,5,5,5,555,15,Champions
15545.0,54,2,288.96999999999997,4,2,2,422,8,Potential Loyalists
15546.0,606,2,1079.1000000000001,1,2,3,123,6,Others
15547.0,7,26,10057.05,5,5,5,555,15,Champions
15548.0,595,1,158.09,1,1,1,111,3,Hibernating
15549.0,77,8,2334.16,3,4,4,344,11,Loyal Customers
15550.0,4,12,2211.05,5,5,4,554,14,Champions
15551.0,36,7,1679.81,4,4,4,444,12,Champions
15552.0,217,2,252.52,2,2,1,221,5,Hibernating
15553.0,60,1,428.93,3,1,2,312,6,Others
15554.0,277,1,217.2,2,1,1,211,4,Hibernating
15555.0,12,36,11243.91,5,5,5,555,15,Champions
15556.0,24,1,279.77,4,1,1,411,6,Others
15557.0,28,1,468.91,4,1,2,412,7,Potential Loyalists
15558.0,639,1,202.68,1,1,1,111,3,Hibernating
15559.0,568,1,1109.4,1,1,3,113,5,Others
15560.0,397,2,153.52,2,2,1,221,5,Hibernating
15561.0,11,8,1934.3899999999999,5,4,4,544,13,Champions
15562.0,351,3,671.4300000000001,2,3,3,233,8,At Risk
15563.0,22,7,2859.46,4,4,4,444,12,Champions
15564.0,463,2,70.74000000000001,1,2,1,121,4,Hibernating
15565.0,50,2,173.16,4,2,1,421,7,Others
15566.0,392,2,227.87,2,2,1,221,5,Hibernating
15567.0,18,1,186.01,5,1,1,511,7,Others
15568.0,2,3,758.29,5,3,3,533,11,Potential Loyalists
15569.0,103,10,3583.45,3,5,5,355,13,Loyal Customers
15570.0,7,25,8736.49,5,5,5,555,15,Champions
15571.0,11,14,3892.35,5,5,5,555,15,Champions
15572.0,4,10,3965.2,5,5,5,555,15,Champions
15573.0,31,5,1188.42,4,4,3,443,11,Loyal Customers
15574.0,177,6,1101.44,3,4,3,343,10,Loyal Customers
15575.0,619,1,30.1,1,1,1,111,3,Hibernating
15576.0,37,1,921.37,4,1,3,413,8,Potential Loyalists
15577.0,151,5,396.03000000000003,3,4,2,342,9,Others
15578.0,162,1,127.1,3,1,1,311,5,Others
15579.0,68,5,1250.63,3,4,4,344,11,Loyal Customers
15580.0,376,8,1375.39,2,4,4,244,10,At Risk
15581.0,120,38,7480.4,3,5,5,355,13,Loyal Customers
15582.0,24,3,682.9100000000001,4,3,3,433,10,Potential Loyalists
15583.0,376,1,95.96,2,1,1,211,4,Hibernating
15584.0,23,6,1268.2,4,4,4,444,12,Champions
15585.0,176,1,455.3,3,1,2,312,6,Others
15586.0,592,3,1139.1,1,3,3,133,7,At Risk
15587.0,50,7,1522.0800000000002,4,4,4,444,12,Champions
15588.0,677,1,579.6,1,1,2,112,4,Hibernating
15589.0,255,3,478.53000000000003,2,3,2,232,7,Others
15590.0,382,5,1496.6,2,4,4,244,10,At Risk
15591.0,582,3,217.9,1,3,1,131,5,Others
15592.0,46,1,388.58,4,1,2,412,7,Potential Loyalists
15593.0,70,1,199.8,3,1,1,311,5,Others
15594.0,15,5,1771.78,5,4,4,544,13,Champions
15595.0,487,1,357.6,1,1,2,112,4,Hibernating
15596.0,100,9,2727.72,3,5,4,354,12,Loyal Customers
15597.0,35,2,563.37,4,2,2,422,8,Potential Loyalists
15598.0,53,2,548.02,4,2,2,422,8,Potential Loyalists
15599.0,26,3,1250.06,4,3,4,434,11,Potential Loyalists
15600.0,428,4,1199.31,1,3,3,133,7,At Risk
15601.0,11,30,14191.74,5,5,5,555,15,Champions
15602.0,8,16,3137.96,5,5,5,555,15,Champions
15603.0,78,2,88.48,3,2,1,321,6,Others
15604.0,52,1,216.39,4,1,1,411,6,Others
15605.0,36,9,1741.95,4,5,4,454,13,Champions
15606.0,61,17,5230.99,3,5,5,355,13,Loyal Customers
15607.0,336,9,1708.97,2,5,4,254,11,At Risk
15608.0,28,5,1785.98,4,4,4,444,12,Champions
15609.0,184,1,298.48,3,1,2,312,6,Others
15610.0,51,1,112.46000000000001,4,1,1,411,6,Others
15611.0,9,26,2997.28,5,5,5,555,15,Champions
15612.0,36,2,195.15,4,2,1,421,7,Others
15613.0,610,1,433.71999999999997,1,1,2,112,4,Hibernating
15614.0,437,4,3147.36,1,3,5,135,9,At Risk
15615.0,10,47,21373.97,5,5,5,555,15,Champions
15616.0,438,1,317.11,1,1,2,112,4,Hibernating
15617.0,396,3,828.5500000000001,2,3,3,233,8,At Risk
15618.0,32,4,776.851,4,3,3,433,10,Potential Loyalists
15619.0,10,1,336.40000000000003,5,1,2,512,8,Potential Loyalists
15620.0,56,4,1942.36,4,3,4,434,11,Potential Loyalists
15621.0,4,4,1293.03,5,3,4,534,12,Potential Loyalists
15622.0,43,17,7852.61,4,5,5,455,14,Champions
15623.0,141,8,2437.05,3,4,4,344,11,Loyal Customers
15624.0,116,4,588.13,3,3,2,332,8,Others
15625.0,103,9,3236.4,3,5,5,355,13,Loyal Customers
15626.0,74,3,1067.52,3,3,3,333,9,Others
15627.0,457,2,566.9,1,2,2,122,5,Hibernating
15628.0,4,17,5333.08,5,5,5,555,15,Champions
15629.0,450,4,2240.9,1,3,4,134,8,At Risk
15630.0,45,3,1481.4,4,3,4,434,11,Potential Loyalists
15631.0,642,1,596.67,1,1,2,112,4,Hibernating
15632.0,15,8,3285.31,5,4,5,545,14,Champions
15633.0,509,13,4335.96,1,5,5,155,11,At Risk
15634.0,17,2,554.65,5,2,2,522,9,Potential Loyalists
15635.0,395,1,100.35,2,1,1,211,4,Hibernating
15636.0,89,4,1444.58,3,3,4,334,10,Others
15637.0,52,5,797.59,4,4,3,443,11,Loyal Customers
15638.0,378,6,2265.2,2,4,4,244,10,At Risk
15639.0,134,3,1065.08,3,3,3,333,9,Others
15640.0,4,29,23494.31,5,5,5,555,15,Champions
15641.0,105,12,5345.55,3,5,5,355,13,Loyal Customers
15642.0,729,1,105.78000000000002,1,1,1,111,3,Hibernating
15643.0,191,3,664.0,2,3,3,233,8,At Risk
15644.0,166,4,803.54,3,3,3,333,9,Others
15645.0,18,3,1055.17,5,3,3,533,11,Potential Loyalists
15646.0,157,5,784.8100000000001,3,4,3,343,10,Loyal Customers
15647.0,415,1,169.0,1,1,1,111,3,Hibernating
15648.0,204,2,639.5,2,2,3,223,7,Others
15649.0,336,4,1660.35,2,3,4,234,9,At Risk
15650.0,521,2,553.88,1,2,2,122,5,Hibernating
15651.0,36,5,1259.06,4,4,4,444,12,Champions
15652.0,91,5,1405.94,3,4,4,344,11,Loyal Customers
15653.0,92,2,877.4399999999999,3,2,3,323,8,Others
15654.0,9,2,922.53,5,2,3,523,10,Potential Loyalists
15655.0,243,1,560.67,2,1,2,212,5,Hibernating
15656.0,45,4,748.5,4,3,3,433,10,Potential Loyalists
15657.0,22,1,30.0,4,1,1,411,6,Others
15658.0,190,8,2117.27,2,4,4,244,10,At Risk
15659.0,43,3,532.49,4,3,2,432,9,Potential Loyalists
15660.0,25,15,2603.69,4,5,4,454,13,Champions
15661.0,317,8,1215.95,2,4,3,243,9,At Risk
15662.0,661,2,283.73,1,2,1,121,4,Hibernating
15663.0,106,1,138.14,3,1,1,311,5,Others
15664.0,50,4,1254.03,4,3,4,434,11,Potential Loyalists
15665.0,168,5,3987.07,3,4,5,345,12,Loyal Customers
15666.0,472,2,632.9399999999999,1,2,3,123,6,Others
15667.0,39,1,301.32,4,1,2,412,7,Potential Loyalists
15668.0,217,1,76.32000000000001,2,1,1,211,4,Hibernating
15669.0,40,4,684.34,4,3,3,433,10,Potential Loyalists
15670.0,296,2,325.2,2,2,2,222,6,Hibernating
15671.0,18,7,2657.13,5,4,4,544,13,Champions
15672.0,725,1,45.300000000000004,1,1,1,111,3,Hibernating
15673.0,88,9,6204.32,3,5,5,355,13,Loyal Customers
15674.0,73,13,6948.2300000000005,3,5,5,355,13,Loyal Customers
15675.0,81,4,542.04,3,3,2,332,8,Others
15676.0,18,3,3435.76,5,3,5,535,13,Potential Loyalists
15677.0,49,3,1305.63,4,3,4,434,11,Potential Loyalists
15678.0,52,3,1825.94,4,3,4,434,11,Potential Loyalists
15679.0,24,4,781.28,4,3,3,433,10,Potential Loyalists
15680.0,9,10,4028.69,5,5,5,555,15,Champions
15681.0,25,14,2989.7,4,5,5,455,14,Champions
15682.0,599,2,318.24,1,2,2,122,5,Hibernating
15683.0,117,2,524.54,3,2,2,322,7,Others
15684.0,547,3,173.95,1,3,1,131,5,Others
15685.0,450,1,55.980000000000004,1,1,1,111,3,Hibernating
15686.0,420,1,90.0,1,1,1,111,3,Hibernating
15687.0,8,9,2993.1,5,5,5,555,15,Champions
15688.0,418,1,190.57,1,1,1,111,3,Hibernating
15689.0,119,3,521.03,3,3,2,332,8,Others
15690.0,4,2,239.76,5,2,1,521,8,Others
15691.0,252,4,571.3,2,3,2,232,7,Others
15692.0,28,1,191.04,4,1,1,411,6,Others
15693.0,659,1,37.5,1,1,1,111,3,Hibernating
15694.0,0,24,9978.48,5,5,5,555,15,Champions
15695.0,266,4,1131.04,2,3,3,233,8,At Risk
15696.0,33,13,3881.2200000000003,4,5,5,455,14,Champions
15697.0,689,1,246.75,1,1,1,111,3,Hibernating
15698.0,624,1,46.2,1,1,1,111,3,Hibernating
15699.0,17,1,309.65,5,1,2,512,8,Potential Loyalists
15700.0,172,2,696.68,3,2,3,323,8,Others
15701.0,2,4,1529.0,5,3,4,534,12,Potential Loyalists
15702.0,476,2,140.39000000000001,1,2,1,121,4,Hibernating
15703.0,264,1,211.5,2,1,1,211,4,Hibernating
15704.0,140,6,3734.6600000000003,3,4,5,345,12,Loyal Customers
15705.0,201,1,143.1,2,1,1,211,4,Hibernating
15706.0,63,4,1060.56,3,3,3,333,9,Others
15707.0,35,4,916.98,4,3,3,433,10,Potential Loyalists
15708.0,40,9,3887.15,4,5,5,455,14,Champions
15709.0,283,2,327.85,2,2,2,222,6,Hibernating
15710.0,417,1,898.87,1,1,3,113,5,Others
15711.0,556,2,420.25,1,2,2,122,5,Hibernating
15712.0,9,12,3472.4100000000003,5,5,5,555,15,Champions
15713.0,143,4,839.64,3,3,3,333,9,Others
15714.0,11,5,783.96,5,4,3,543,12,Loyal Customers
15715.0,555,5,658.02,1,4,3,143,8,At Risk
15716.0,145,11,2485.26,3,5,4,354,12,Loyal Customers
15717.0,234,5,607.0,2,4,2,242,8,Others
15718.0,540,1,293.79,1,1,2,112,4,Hibernating
15719.0,32,31,10195.97,4,5,5,455,14,Champions
15720.0,24,2,739.22,4,2,3,423,9,Potential Loyalists
15721.0,11,1,471.40000000000003,5,1,2,512,8,Potential Loyalists
15722.0,35,11,5234.0,4,5,5,455,14,Champions
15723.0,364,4,930.7,2,3,3,233,8,At Risk
15724.0,201,3,310.85,2,3,2,232,7,Others
15725.0,15,1,415.25,5,1,2,512,8,Potential Loyalists
15726.0,390,1,321.91,2,1,2,212,5,Hibernating
15727.0,16,15,9371.71,5,5,5,555,15,Champions
15728.0,379,2,544.6,2,2,2,222,6,Hibernating
15729.0,212,3,192.55,2,3,1,231,6,Others
15730.0,65,5,1726.58,3,4,4,344,11,Loyal Customers
15731.0,553,1,125.3,1,1,1,111,3,Hibernating
15732.0,212,10,1543.97,2,5,4,254,11,At Risk
15733.0,282,1,162.3,2,1,1,211,4,Hibernating
15734.0,114,4,2263.3,3,3,4,334,10,Others
15735.0,421,1,327.68,1,1,2,112,4,Hibernating
15736.0,435,2,1767.12,1,2,4,124,7,Others
15737.0,14,8,1188.1200000000001,5,4,3,543,12,Loyal Customers
15738.0,18,41,13043.32,5,5,5,555,15,Champions
15739.0,66,1,449.12,3,1,2,312,6,Others
15740.0,49,1,154.88,4,1,1,411,6,Others
15741.0,458,2,208.62,1,2,1,121,4,Hibernating
15742.0,619,1,156.87,1,1,1,111,3,Hibernating
15743.0,16,4,775.96,5,3,3,533,11,Potential Loyalists
15744.0,77,1,34.8,3,1,1,311,5,Others
15745.0,19,4,1094.59,5,3,3,533,11,Potential Loyalists
15746.0,134,1,196.88,3,1,1,311,5,Others
15747.0,12,9,2499.81,5,5,4,554,14,Champions
15748.0,40,3,609.8100000000001,4,3,3,433,10,Potential Loyalists
15749.0,235,3,44534.3,2,3,5,235,10,At Risk
15750.0,2,18,6452.991,5,5,5,555,15,Champions
15751.0,460,11,1380.44,1,5,4,154,10,At Risk
15752.0,39,9,3924.91,4,5,5,455,14,Champions
15753.0,304,1,79.2,2,1,1,211,4,Hibernating
15754.0,51,9,3037.61,4,5,5,455,14,Champions
15755.0,10,17,5993.12,5,5,5,555,15,Champions
15756.0,61,4,528.01,3,3,2,332,8,Others
15757.0,65,6,2940.36,3,4,5,345,12,Loyal Customers
15758.0,24,1,205.25,4,1,1,411,6,Others
15759.0,218,7,830.9300000000001,2,4,3,243,9,At Risk
15760.0,630,2,13916.34,1,2,5,125,8,Others
15761.0,442,1,143.05,1,1,1,111,3,Hibernating
15762.0,65,2,583.75,3,2,2,322,7,Others
15763.0,31,2,1086.92,4,2,3,423,9,Potential Loyalists
15764.0,88,8,4503.08,3,4,5,345,12,Loyal Customers
15765.0,666,1,370.63,1,1,2,112,4,Hibernating
15766.0,64,3,831.06,3,3,3,333,9,Others
15768.0,115,34,15308.89,3,5,5,355,13,Loyal Customers
15769.0,7,46,88612.52,5,5,5,555,15,Champions
15770.0,612,1,321.45,1,1,2,112,4,Hibernating
15771.0,604,3,1006.54,1,3,3,133,7,At Risk
15772.0,418,1,280.88,1,1,1,111,3,Hibernating
15773.0,5,2,774.52,5,2,3,523,10,Potential Loyalists
15774.0,68,6,1288.34,3,4,4,344,11,Loyal Customers
15775.0,245,2,150.5,2,2,1,221,5,Hibernating
15776.0,133,1,241.62,3,1,1,311,5,Others
15777.0,241,7,1762.61,2,4,4,244,10,At Risk
15778.0,431,1,307.95,1,1,2,112,4,Hibernating
15779.0,463,2,124.08000000000001,1,2,1,121,4,Hibernating
15780.0,183,3,475.28000000000003,3,3,2,332,8,Others
15781.0,25,3,345.46,4,3,2,432,9,Potential Loyalists
15782.0,9,4,4014.1,5,3,5,535,13,Potential Loyalists
15783.0,10,1,246.3,5,1,1,511,7,Others
15784.0,467,2,848.3299999999999,1,2,3,123,6,Others
15785.0,32,16,5969.93,4,5,5,455,14,Champions
15786.0,46,5,8501.62,4,4,5,445,13,Champions
15787.0,26,3,933.26,4,3,3,433,10,Potential Loyalists
15788.0,508,1,221.82999999999998,1,1,1,111,3,Hibernating
15789.0,358,6,1962.01,2,4,4,244,10,At Risk
15790.0,10,1,218.75,5,1,1,511,7,Others
15791.0,43,5,3608.34,4,4,5,445,13,Champions
15792.0,399,2,933.84,2,2,3,223,7,Others
15793.0,14,8,2399.57,5,4,4,544,13,Champions
15794.0,736,2,777.0,1,2,3,123,6,Others
15795.0,149,8,1979.8700000000001,3,4,4,344,11,Loyal Customers
15796.0,1,17,5171.63,5,5,5,555,15,Champions
15797.0,113,6,2821.08,3,4,4,344,11,Loyal Customers
15798.0,492,3,1535.37,1,3,4,134,8,At Risk
15799.0,75,4,1421.34,3,3,4,334,10,Others
15800.0,107,7,1227.07,3,4,4,344,11,Loyal Customers
15801.0,46,3,1063.95,4,3,3,433,10,Potential Loyalists
15802.0,142,1,451.42,3,1,2,312,6,Others
15803.0,51,4,1929.66,4,3,4,434,11,Potential Loyalists
15804.0,0,13,4206.39,5,5,5,555,15,Champions
15805.0,23,30,10148.93,4,5,5,455,14,Champions
15806.0,46,3,784.58,4,3,3,433,10,Potential Loyalists
15807.0,50,5,1817.52,4,4,4,444,12,Champions
15808.0,306,21,17180.25,2,5,5,255,12,At Risk
15809.0,36,7,1274.44,4,4,4,444,12,Champions
15810.0,78,8,2999.04,3,4,5,345,12,Loyal Customers
15811.0,22,7,3486.15,4,4,5,445,13,Champions
15812.0,107,12,5201.47,3,5,5,355,13,Loyal Customers
15813.0,207,2,1303.9099999999999,2,2,4,224,8,Others
15814.0,16,6,2634.44,5,4,4,544,13,Champions
15815.0,63,5,2100.6,3,4,4,344,11,Loyal Customers
15816.0,542,2,144.14999999999998,1,2,1,121,4,Hibernating
15817.0,420,3,2766.4,1,3,4,134,8,At Risk
15818.0,588,1,340.5,1,1,2,112,4,Hibernating
15819.0,49,10,3934.79,4,5,5,455,14,Champions
15820.0,319,1,206.98,2,1,1,211,4,Hibernating
15821.0,44,2,570.96,4,2,2,422,8,Potential Loyalists
15822.0,3,6,1840.06,5,4,4,544,13,Champions
15823.0,372,3,3882.17,2,3,5,235,10,At Risk
15824.0,453,2,890.94,1,2,3,123,6,Others
15825.0,172,1,532.94,3,1,2,312,6,Others
15826.0,56,4,2598.28,4,3,4,434,11,Potential Loyalists
15827.0,73,28,3603.14,3,5,5,355,13,Loyal Customers
15828.0,375,1,1108.82,2,1,3,213,6,Others
15829.0,99,2,636.14,3,2,3,323,8,Others
15830.0,37,1,576.0,4,1,2,412,7,Potential Loyalists
15831.0,58,3,794.64,4,3,3,433,10,Potential Loyalists
15832.0,254,1,836.79,2,1,3,213,6,Others
15833.0,737,1,80.4,1,1,1,111,3,Hibernating
15834.0,70,7,3764.39,3,4,5,345,12,Loyal Customers
15835.0,44,4,954.09,4,3,3,433,10,Potential Loyalists
15836.0,50,1,137.37,4,1,1,411,6,Others
15837.0,64,2,777.01,3,2,3,323,8,Others
15838.0,11,34,73205.5,5,5,5,555,15,Champions
15839.0,33,3,1048.49,4,3,3,433,10,Potential Loyalists
15840.0,58,2,355.56,4,2,2,422,8,Potential Loyalists
15841.0,72,9,2742.41,3,5,4,354,12,Loyal Customers
15842.0,393,2,548.8,2,2,2,222,6,Hibernating
15843.0,303,1,118.95000000000002,2,1,1,211,4,Hibernating
15844.0,46,1,130.73999999999998,4,1,1,411,6,Others
15845.0,17,11,4426.28,5,5,5,555,15,Champions
15846.0,385,1,107.01,2,1,1,211,4,Hibernating
15847.0,38,5,822.57,4,4,3,443,11,Loyal Customers
15848.0,621,1,137.99,1,1,1,111,3,Hibernating
15850.0,19,6,1006.75,5,4,3,543,12,Loyal Customers
15851.0,526,1,109.73,1,1,1,111,3,Hibernating
15852.0,186,3,257.26,3,3,1,331,7,Others
15853.0,51,1,110.8,4,1,1,411,6,Others
15854.0,4,21,5578.28,5,5,5,555,15,Champions
15855.0,136,6,1052.72,3,4,3,343,10,Loyal Customers
15856.0,4,52,32275.95,5,5,5,555,15,Champions
15857.0,18,2,570.48,5,2,2,522,9,Potential Loyalists
15858.0,15,13,3552.41,5,5,5,555,15,Champions
15859.0,432,1,438.46,1,1,2,112,4,Hibernating
15860.0,40,17,2361.3,4,5,4,454,13,Champions
15861.0,12,12,4369.2,5,5,5,555,15,Champions
15862.0,8,13,2512.29,5,5,4,554,14,Champions
15863.0,25,5,355.1,4,4,2,442,10,Others
15864.0,22,7,2180.76,4,4,4,444,12,Champions
15865.0,40,5,2241.42,4,4,4,444,12,Champions
15866.0,101,1,211.89,3,1,1,311,5,Others
15867.0,5,31,8923.3,5,5,5,555,15,Champions
15868.0,583,1,94.53,1,1,1,111,3,Hibernating
15869.0,277,3,321.11,2,3,2,232,7,Others
15870.0,32,4,857.46,4,3,3,433,10,Potential Loyalists
15871.0,437,1,33.099999999999994,1,1,1,111,3,Hibernating
15872.0,14,4,729.25,5,3,3,533,11,Potential Loyalists
15873.0,499,4,313.91999999999996,1,3,2,132,6,Others
15874.0,63,21,11284.76,3,5,5,355,13,Loyal Customers
15875.0,646,1,108.52,1,1,1,111,3,Hibernating
15876.0,409,2,1449.1399999999999,2,2,4,224,8,Others
15877.0,1,2,490.33,5,2,2,522,9,Potential Loyalists
15878.0,561,2,330.77,1,2,2,122,5,Hibernating
15879.0,404,4,1137.8,2,3,3,233,8,At Risk
15880.0,369,1,329.03000000000003,2,1,2,212,5,Hibernating
15881.0,312,5,501.39000000000004,2,4,2,242,8,Others
15882.0,198,8,1124.66,2,4,3,243,9,At Risk
15883.0,2,2,396.48,5,2,2,522,9,Potential Loyalists
15884.0,432,2,244.60000000000002,1,2,1,121,4,Hibernating
15885.0,92,15,1951.82,3,5,4,354,12,Loyal Customers
15886.0,60,4,1052.8700000000001,3,3,3,333,9,Others
15887.0,406,3,1027.15,2,3,3,233,8,At Risk
15888.0,80,3,429.16,3,3,2,332,8,Others
15889.0,156,8,1427.6,3,4,4,344,11,Loyal Customers
15890.0,394,5,535.65,2,4,2,242,8,Others
15891.0,226,1,511.68,2,1,2,212,5,Hibernating
15892.0,669,1,128.2,1,1,1,111,3,Hibernating
15893.0,481,1,305.28000000000003,1,1,2,112,4,Hibernating
15894.0,253,2,258.25,2,2,1,221,5,Hibernating
15895.0,149,1,179.17,3,1,1,311,5,Others
15897.0,194,2,208.59,2,2,1,221,5,Hibernating
15898.0,1,25,4996.45,5,5,5,555,15,Champions
15899.0,368,1,56.25,2,1,1,211,4,Hibernating
15900.0,23,4,886.5699999999999,4,3,3,433,10,Potential Loyalists
15901.0,16,7,687.72,5,4,3,543,12,Loyal Customers
15902.0,380,1,145.01,2,1,1,211,4,Hibernating
15903.0,9,12,8939.84,5,5,5,555,15,Champions
15904.0,8,1,164.68,5,1,1,511,7,Others
15905.0,543,1,114.69,1,1,1,111,3,Hibernating
15906.0,19,10,2530.19,5,5,4,554,14,Champions
15907.0,3,3,882.72,5,3,3,533,11,Potential Loyalists
15908.0,490,2,758.62,1,2,3,123,6,Others
15909.0,173,1,191.94,3,1,1,311,5,Others
15910.0,0,15,2661.17,5,5,4,554,14,Champions
15911.0,623,8,1700.24,1,4,4,144,9,At Risk
15912.0,178,9,1074.7,3,5,3,353,11,Loyal Customers
15913.0,534,1,6.300000000000001,1,1,1,111,3,Hibernating
15914.0,378,2,205.99,2,2,1,221,5,Hibernating
15915.0,401,1,364.45,2,1,2,212,5,Hibernating
15916.0,16,13,3145.2400000000002,5,5,5,555,15,Champions
15917.0,247,5,530.17,2,4,2,242,8,Others
15918.0,190,3,582.88,2,3,2,232,7,Others
15919.0,19,2,525.69,5,2,2,522,9,Potential Loyalists
15920.0,154,9,569.14,3,5,2,352,10,Others
15921.0,172,4,775.26,3,3,3,333,9,Others
15922.0,373,1,369.5,2,1,2,212,5,Hibernating
15923.0,372,1,127.08,2,1,1,211,4,Hibernating
15924.0,731,1,102.82,1,1,1,111,3,Hibernating
15925.0,194,1,207.15,2,1,1,211,4,Hibernating
15926.0,542,1,134.44,1,1,1,111,3,Hibernating
15927.0,647,1,106.54,1,1,1,111,3,Hibernating
15928.0,656,1,293.53,1,1,2,112,4,Hibernating
15929.0,644,1,594.0,1,1,2,112,4,Hibernating
15930.0,67,1,426.63,3,1,2,312,6,Others
15931.0,428,1,239.9,1,1,1,111,3,Hibernating
15932.0,4,8,2495.87,5,4,4,544,13,Champions
15933.0,21,3,1107.46,4,3,3,433,10,Potential Loyalists
15934.0,417,2,2190.66,1,2,4,124,7,Others
15935.0,239,2,416.86,2,2,2,222,6,Hibernating
15936.0,379,2,282.79,2,2,1,221,5,Hibernating
15937.0,64,1,145.35,3,1,1,311,5,Others
15938.0,112,9,734.81,3,5,3,353,11,Loyal Customers
15939.0,89,16,9060.39,3,5,5,355,13,Loyal Customers
15940.0,311,1,35.8,2,1,1,211,4,Hibernating
15941.0,637,1,405.0,1,1,2,112,4,Hibernating
15942.0,133,1,337.44,3,1,2,312,6,Others
15943.0,649,2,271.28999999999996,1,2,1,121,4,Hibernating
15944.0,276,4,2164.24,2,3,4,234,9,At Risk
15945.0,365,4,646.27,2,4,3,243,9,At Risk
15946.0,502,3,2304.18,1,3,4,134,8,At Risk
15947.0,82,1,1708.24,3,1,4,314,8,Others
15948.0,8,3,1509.0900000000001,5,3,4,534,12,Potential Loyalists
15949.0,16,2,364.72,5,2,2,522,9,Potential Loyalists
15950.0,31,10,7120.91,4,5,5,455,14,Champions
15951.0,8,3,1013.17,5,3,3,533,11,Potential Loyalists
15952.0,33,4,781.91,4,4,3,443,11,Loyal Customers
15953.0,15,18,3440.3399999999997,5,5,5,555,15,Champions
15954.0,589,1,190.75,1,1,1,111,3,Hibernating
15955.0,24,22,8085.9800000000005,4,5,5,455,14,Champions
15956.0,551,2,617.6,1,2,3,123,6,Others
15957.0,31,3,921.25,4,3,3,433,10,Potential Loyalists
15958.0,74,4,462.12,3,4,2,342,9,Others
15959.0,682,3,542.89,1,3,2,132,6,Others
15960.0,374,4,410.95,2,4,2,242,8,Others
15961.0,379,1,451.28999999999996,2,1,2,212,5,Hibernating
15962.0,449,1,289.48,1,1,2,112,4,Hibernating
15963.0,19,2,470.76,5,2,2,522,9,Potential Loyalists
15964.0,663,1,269.21000000000004,1,1,1,111,3,Hibernating
15965.0,17,13,2771.94,5,5,4,554,14,Champions
15966.0,450,1,426.53000000000003,1,1,2,112,4,Hibernating
15967.0,23,12,2966.0,4,5,5,455,14,Champions
15968.0,388,1,404.55,2,1,2,212,5,Hibernating
15969.0,2,5,1127.05,5,4,3,543,12,Loyal Customers
15970.0,303,2,1017.32,2,2,3,223,7,Others
15971.0,17,18,5902.83,5,5,5,555,15,Champions
15972.0,456,5,1769.33,1,4,4,144,9,At Risk
15973.0,366,3,680.62,2,3,3,233,8,At Risk
15974.0,39,7,3442.15,4,4,5,445,13,Champions
15975.0,84,1,371.01,3,1,2,312,6,Others
15976.0,165,6,1694.41,3,4,4,344,11,Loyal Customers
15977.0,17,2,1054.73,5,2,3,523,10,Potential Loyalists
15978.0,77,3,3279.42,3,3,5,335,11,Others
15979.0,602,1,329.22,1,1,2,112,4,Hibernating
15980.0,88,7,6543.68,3,4,5,345,12,Loyal Customers
15981.0,24,21,9362.77,4,5,5,455,14,Champions
15982.0,605,1,324.51,1,1,2,112,4,Hibernating
15983.0,22,8,3110.37,4,4,5,445,13,Champions
15984.0,2,30,8393.02,5,5,5,555,15,Champions
15985.0,123,7,2715.28,3,4,4,344,11,Loyal Customers
15986.0,30,2,354.42,4,2,2,422,8,Potential Loyalists
15987.0,12,8,1535.99,5,4,4,544,13,Champions
15988.0,19,3,738.89,5,3,3,533,11,Potential Loyalists
15989.0,375,2,368.31,2,2,2,222,6,Hibernating
15990.0,44,7,1997.75,4,4,4,444,12,Champions
15991.0,534,1,150.55,1,1,1,111,3,Hibernating
15992.0,3,3,896.6,5,3,3,533,11,Potential Loyalists
15993.0,8,7,2777.67,5,4,4,544,13,Champions
15994.0,54,3,1175.68,4,3,3,433,10,Potential Loyalists
15995.0,414,1,694.54,1,1,3,113,5,Others
15996.0,88,7,1386.4,3,4,4,344,11,Loyal Customers
15998.0,36,16,8274.14,4,5,5,455,14,Champions
15999.0,735,1,20.4,1,1,1,111,3,Hibernating
16000.0,2,3,12393.7,5,3,5,535,13,Potential Loyalists
16001.0,381,1,583.39,2,1,2,212,5,Hibernating
16002.0,625,1,169.21,1,1,1,111,3,Hibernating
16003.0,29,10,5613.83,4,5,5,455,14,Champions
16004.0,474,5,2146.39,1,4,4,144,9,At Risk
16005.0,12,10,2365.4900000000002,5,5,4,554,14,Champions
16006.0,211,2,332.82,2,2,2,222,6,Hibernating
16007.0,47,7,3053.06,4,4,5,445,13,Champions
16008.0,23,15,5339.13,4,5,5,455,14,Champions
16009.0,22,4,972.11,4,4,3,443,11,Loyal Customers
16010.0,245,11,1694.86,2,5,4,254,11,At Risk
16011.0,8,29,5601.01,5,5,5,555,15,Champions
16012.0,35,5,2978.59,4,4,5,445,13,Champions
16013.0,3,84,56078.44,5,5,5,555,15,Champions
16014.0,37,5,1100.28,4,4,3,443,11,Loyal Customers
16015.0,3,3,704.55,5,3,3,533,11,Potential Loyalists
16016.0,3,11,2083.4,5,5,4,554,14,Champions
16017.0,47,5,1545.58,4,4,4,444,12,Champions
16018.0,39,4,698.13,4,4,3,443,11,Loyal Customers
16019.0,46,27,17329.16,4,5,5,455,14,Champions
16020.0,16,3,851.01,5,3,3,533,11,Potential Loyalists
16021.0,395,2,487.03,2,2,2,222,6,Hibernating
16022.0,260,1,602.63,2,1,2,212,5,Hibernating
16023.0,46,3,719.81,4,3,3,433,10,Potential Loyalists
16024.0,12,3,483.99,5,3,2,532,10,Potential Loyalists
16025.0,29,1,439.65999999999997,4,1,2,412,7,Potential Loyalists
16026.0,43,1,236.09,4,1,1,411,6,Others
16027.0,91,15,2048.36,3,5,4,354,12,Loyal Customers
16028.0,595,1,82.2,1,1,1,111,3,Hibernating
16029.0,38,107,117763.62,4,5,5,455,14,Champions
16030.0,309,1,331.24,2,1,2,212,5,Hibernating
16031.0,92,2,547.9,3,2,2,322,7,Others
16032.0,456,6,1965.72,1,4,4,144,9,At Risk
16033.0,5,27,10608.81,5,5,5,555,15,Champions
16034.0,196,6,911.3199999999999,2,4,3,243,9,At Risk
16035.0,560,1,217.73,1,1,1,111,3,Hibernating
16036.0,87,4,2556.84,3,4,4,344,11,Loyal Customers
16037.0,269,5,1509.34,2,4,4,244,10,At Risk
16038.0,7,3,471.78000000000003,5,3,2,532,10,Potential Loyalists
16039.0,423,2,456.4,1,2,2,122,5,Hibernating
16040.0,65,7,2416.9,3,4,4,344,11,Loyal Customers
16041.0,30,3,3166.4,4,3,5,435,12,Potential Loyalists
16042.0,22,8,2245.32,4,4,4,444,12,Champions
16043.0,37,8,1856.5900000000001,4,4,4,444,12,Champions
16044.0,435,1,340.84000000000003,1,1,2,112,4,Hibernating
16045.0,119,8,3434.9300000000003,3,4,5,345,12,Loyal Customers
16046.0,562,1,235.78,1,1,1,111,3,Hibernating
16047.0,682,1,107.14,1,1,1,111,3,Hibernating
16048.0,373,4,818.7900000000001,2,4,3,243,9,At Risk
16049.0,40,6,1852.15,4,4,4,444,12,Champions
16050.0,173,3,300.7,3,3,2,332,8,Others
16051.0,681,1,188.44,1,1,1,111,3,Hibernating
16052.0,54,1,362.06,4,1,2,412,7,Potential Loyalists
16053.0,32,6,3634.84,4,4,5,445,13,Champions
16054.0,145,4,2111.88,3,4,4,344,11,Loyal Customers
16055.0,220,1,134.8,2,1,1,211,4,Hibernating
16056.0,45,1,650.75,4,1,3,413,8,Potential Loyalists
16057.0,16,10,3854.85,5,5,5,555,15,Champions
16058.0,406,1,62.7,2,1,1,211,4,Hibernating
16059.0,65,12,3053.57,3,5,5,355,13,Loyal Customers
16060.0,400,3,541.95,2,3,2,232,7,Others
16061.0,431,1,89.65,1,1,1,111,3,Hibernating
16062.0,9,8,2863.45,5,5,4,554,14,Champions
16063.0,260,1,335.32,2,1,2,212,5,Hibernating
16064.0,725,1,109.31,1,1,1,111,3,Hibernating
16065.0,365,8,1992.13,2,5,4,254,11,At Risk
16066.0,16,5,1521.04,5,4,4,544,13,Champions
16067.0,562,3,3269.11,1,3,5,135,9,At Risk
16068.0,593,1,115.73,1,1,1,111,3,Hibernating
16069.0,417,1,457.7,1,1,2,112,4,Hibernating
16070.0,22,2,852.15,4,2,3,423,9,Potential Loyalists
16071.0,44,4,1076.8,4,4,3,443,11,Loyal Customers
16072.0,288,4,4180.09,2,4,5,245,11,At Risk
16073.0,297,1,122.39999999999999,2,1,1,211,4,Hibernating
16074.0,390,1,252.5,2,1,1,211,4,Hibernating
16075.0,502,2,736.9300000000001,1,2,3,123,6,Others
16076.0,3,10,2234.73,5,5,4,554,14,Champions
16077.0,625,1,2300.4,1,1,4,114,6,Others
16078.0,283,2,362.99,2,2,2,222,6,Hibernating
16079.0,16,3,1352.0,5,3,4,534,12,Potential Loyalists
16080.0,81,4,602.5600000000001,3,4,2,342,9,Others
16081.0,56,8,4278.96,4,5,5,455,14,Champions
16082.0,670,1,106.75,1,1,1,111,3,Hibernating
16083.0,100,4,2351.42,3,4,4,344,11,Loyal Customers
16084.0,299,1,436.18,2,1,2,212,5,Hibernating
16085.0,23,12,2341.03,4,5,4,454,13,Champions
16086.0,59,10,2687.73,3,5,4,354,12,Loyal Customers
16087.0,389,5,1739.92,2,4,4,244,10,At Risk
16088.0,575,2,1437.43,1,2,4,124,7,Others
16089.0,386,2,263.49,2,2,1,221,5,Hibernating
16090.0,624,1,180.56,1,1,1,111,3,Hibernating
16091.0,154,2,315.06,3,2,2,322,7,Others
16092.0,114,6,1587.94,3,4,4,344,11,Loyal Customers
16093.0,106,1,17.0,3,1,1,311,5,Others
16094.0,11,11,3695.56,5,5,5,555,15,Champions
16095.0,456,1,447.05,1,1,2,112,4,Hibernating
16096.0,264,4,1584.97,2,4,4,244,10,At Risk
16097.0,240,1,185.04999999999998,2,1,1,211,4,Hibernating
16098.0,87,14,4010.7,3,5,5,355,13,Loyal Customers
16099.0,50,7,1573.2,4,4,4,444,12,Champions
16100.0,462,1,582.64,1,1,2,112,4,Hibernating
16101.0,70,4,3229.16,3,4,5,345,12,Loyal Customers
16102.0,42,3,1842.14,4,3,4,434,11,Potential Loyalists
16103.0,7,22,6191.71,5,5,5,555,15,Champions
16104.0,61,9,2774.46,3,5,4,354,12,Loyal Customers
16105.0,248,5,2386.19,2,4,4,244,10,At Risk
16106.0,65,1,108.38,3,1,1,311,5,Others
16107.0,17,7,3204.1600000000003,5,4,5,545,14,Champions
16108.0,84,4,2235.92,3,4,4,344,11,Loyal Customers
16109.0,218,3,939.48,2,3,3,233,8,At Risk
16110.0,45,4,1781.59,4,4,4,444,12,Champions
16111.0,428,1,549.33,1,1,2,112,4,Hibernating
16112.0,143,4,195.73999999999998,3,4,1,341,8,Others
16113.0,183,1,161.38,3,1,1,311,5,Others
16114.0,170,1,135.75000000000003,3,1,1,311,5,Others
16115.0,9,12,2553.8,5,5,4,554,14,Champions
16116.0,211,1,612.78,2,1,3,213,6,Others
16117.0,189,3,654.4,3,3,3,333,9,Others
16118.0,652,1,4376.25,1,1,5,115,7,Others
16119.0,8,8,1720.81,5,5,4,554,14,Champions
16120.0,59,6,2967.51,3,4,5,345,12,Loyal Customers
16121.0,57,5,1450.04,4,4,4,444,12,Champions
16122.0,73,6,895.62,3,4,3,343,10,Loyal Customers
16123.0,51,1,307.78,4,1,2,412,7,Potential Loyalists
16124.0,317,4,1772.49,2,4,4,244,10,At Risk
16125.0,367,14,4292.35,2,5,5,255,12,At Risk
16126.0,29,15,14644.6,4,5,5,455,14,Champions
16127.0,39,2,801.31,4,2,3,423,9,Potential Loyalists
16128.0,17,11,3801.05,5,5,5,555,15,Champions
16129.0,407,3,1396.05,2,3,4,234,9,At Risk
16130.0,422,4,987.48,1,4,3,143,8,At Risk
16131.0,51,12,9957.42,4,5,5,455,14,Champions
16132.0,544,2,664.1999999999999,1,2,3,123,6,Others
16133.0,3,56,22992.260000000002,5,5,5,555,15,Champions
16134.0,21,5,2145.34,4,4,4,444,12,Champions
16135.0,262,2,819.45,2,2,3,223,7,Others
16136.0,59,4,946.8,3,4,3,343,10,Loyal Customers
16137.0,680,1,422.7,1,1,2,112,4,Hibernating
16138.0,378,3,910.35,2,3,3,233,8,At Risk
16139.0,18,5,1111.15,5,4,3,543,12,Loyal Customers
16140.0,65,3,1433.46,3,3,4,334,10,Others
16141.0,88,2,955.94,3,2,3,323,8,Others
16142.0,249,1,535.34,2,1,2,212,5,Hibernating
16143.0,3,12,4555.08,5,5,5,555,15,Champions
16144.0,246,1,175.2,2,1,1,211,4,Hibernating
16145.0,8,19,6805.4400000000005,5,5,5,555,15,Champions
16146.0,157,4,946.38,3,4,3,343,10,Loyal Customers
16147.0,133,5,2398.91,3,4,4,344,11,Loyal Customers
16148.0,296,2,386.62,2,2,2,222,6,Hibernating
16149.0,4,3,422.22,5,3,2,532,10,Potential Loyalists
16150.0,42,10,4002.17,4,5,5,455,14,Champions
16152.0,268,1,1829.04,2,1,4,214,7,Others
16153.0,49,11,5133.49,4,5,5,455,14,Champions
16155.0,381,5,796.9,2,4,3,243,9,At Risk
16156.0,8,20,6188.18,5,5,5,555,15,Champions
16157.0,15,3,656.69,5,3,3,533,11,Potential Loyalists
16158.0,522,9,628.32,1,5,3,153,9,At Risk
16159.0,281,4,1232.79,2,4,4,244,10,At Risk
16160.0,65,2,1025.44,3,2,3,323,8,Others
16161.0,1,43,12580.06,5,5,5,555,15,Champions
16162.0,252,1,37.4,2,1,1,211,4,Hibernating
16163.0,232,6,2407.98,2,4,4,244,10,At Risk
16164.0,17,3,822.48,5,3,3,533,11,Potential Loyalists
16165.0,505,1,79.9,1,1,1,111,3,Hibernating
16166.0,428,2,435.83,1,2,2,122,5,Hibernating
16167.0,414,5,1386.1200000000001,1,4,4,144,9,At Risk
16168.0,10,66,10360.67,5,5,5,555,15,Champions
16169.0,8,4,1822.97,5,4,4,544,13,Champions
16170.0,50,20,6869.0,4,5,5,455,14,Champions
16171.0,59,1,73.2,3,1,1,311,5,Others
16172.0,95,8,1884.55,3,5,4,354,12,Loyal Customers
16173.0,15,6,1418.32,5,4,4,544,13,Champions
16174.0,126,7,2246.75,3,4,4,344,11,Loyal Customers
16175.0,94,7,1836.44,3,4,4,344,11,Loyal Customers
16176.0,421,4,2052.69,1,4,4,144,9,At Risk
16177.0,50,8,2247.31,4,5,4,454,13,Champions
16178.0,138,2,612.6,3,2,3,323,8,Others
16179.0,60,1,215.83,3,1,1,311,5,Others
16180.0,100,13,16249.87,3,5,5,355,13,Loyal Customers
16181.0,73,1,305.54,3,1,2,312,6,Others
16182.0,72,9,9971.65,3,5,5,355,13,Loyal Customers
16183.0,67,4,1077.81,3,4,3,343,10,Loyal Customers
16184.0,64,6,1158.79,3,4,3,343,10,Loyal Customers
16185.0,16,3,644.72,5,3,3,533,11,Potential Loyalists
16186.0,22,26,8718.43,4,5,5,455,14,Champions
16187.0,31,15,6911.4400000000005,4,5,5,455,14,Champions
16188.0,44,5,1087.66,4,4,3,443,11,Loyal Customers
16189.0,15,2,215.48,5,2,1,521,8,Others
16190.0,40,8,2723.55,4,5,4,454,13,Champions
16191.0,2,24,15677.82,5,5,5,555,15,Champions
16192.0,735,1,351.3,1,1,2,112,4,Hibernating
16193.0,236,2,630.43,2,2,3,223,7,Others
16194.0,375,1,308.59999999999997,2,1,2,212,5,Hibernating
16195.0,723,1,323.25,1,1,2,112,4,Hibernating
16196.0,488,1,93.3,1,1,1,111,3,Hibernating
16197.0,469,9,2016.71,1,5,4,154,10,At Risk
16198.0,75,2,1030.0410000000002,3,2,3,323,8,Others
16199.0,392,7,942.75,2,4,3,243,9,At Risk
16200.0,4,12,5608.1,5,5,5,555,15,Champions
16201.0,3,5,2112.12,5,4,4,544,13,Champions
16202.0,360,9,2501.9900000000002,2,5,4,254,11,At Risk
16203.0,58,6,943.84,4,4,3,443,11,Loyal Customers
16204.0,23,3,918.71,4,3,3,433,10,Potential Loyalists
16205.0,30,7,1820.1100000000001,4,4,4,444,12,Champions
16206.0,54,13,2589.87,4,5,4,454,13,Champions
16207.0,25,1,394.38,4,1,2,412,7,Potential Loyalists
16208.0,44,10,3440.45,4,5,5,455,14,Champions
16209.0,88,9,4146.78,3,5,5,355,13,Loyal Customers
16210.0,1,35,33750.97,5,5,5,555,15,Champions
16211.0,88,3,1090.59,3,3,3,333,9,Others
16212.0,19,4,1293.71,5,4,4,544,13,Champions
16213.0,78,1,159.0,3,1,1,311,5,Others
16214.0,170,4,2038.25,3,4,4,344,11,Loyal Customers
16215.0,80,1,242.35,3,1,1,311,5,Others
16216.0,267,1,914.9300000000001,2,1,3,213,6,Others
16217.0,235,2,304.25,2,2,2,222,6,Hibernating
16218.0,29,13,3968.67,4,5,5,455,14,Champions
16219.0,500,1,40.8,1,1,1,111,3,Hibernating
16221.0,36,9,2019.92,4,5,4,454,13,Champions
16222.0,318,2,1272.05,2,2,4,224,8,Others
16223.0,374,2,1087.05,2,2,3,223,7,Others
16224.0,57,5,1616.54,4,4,4,444,12,Champions
16225.0,44,15,2859.31,4,5,4,454,13,Champions
16226.0,203,5,672.1700000000001,2,4,3,243,9,At Risk
16227.0,225,3,1027.22,2,3,3,233,8,At Risk
16228.0,385,3,885.71,2,3,3,233,8,At Risk
16229.0,87,6,2867.86,3,4,4,344,11,Loyal Customers
16230.0,189,2,542.03,3,2,2,322,7,Others
16231.0,379,4,1074.47,2,4,3,243,9,At Risk
16232.0,43,7,2712.97,4,4,4,444,12,Champions
16233.0,71,9,1818.31,3,5,4,354,12,Loyal Customers
16234.0,476,3,333.18,1,3,2,132,6,Others
16235.0,40,9,2053.71,4,5,4,454,13,Champions
16236.0,78,1,432.2,3,1,2,312,6,Others
16237.0,437,1,136.65,1,1,1,111,3,Hibernating
16238.0,422,1,63.66,1,1,1,111,3,Hibernating
16239.0,56,6,1492.2,4,4,4,444,12,Champions
16240.0,24,2,3718.8,4,2,5,425,11,Potential Loyalists
16241.0,9,16,3992.86,5,5,5,555,15,Champions
16242.0,8,14,7404.65,5,5,5,555,15,Champions
16243.0,33,2,409.1,4,2,2,422,8,Potential Loyalists
16244.0,211,2,1522.75,2,2,4,224,8,Others
16245.0,23,3,1413.66,4,3,4,434,11,Potential Loyalists
16246.0,459,2,821.35,1,2,3,123,6,Others
16247.0,170,1,114.56,3,1,1,311,5,Others
16248.0,61,1,152.94,3,1,1,311,5,Others
16249.0,52,5,1800.07,4,4,4,444,12,Champions
16250.0,261,3,565.24,2,3,2,232,7,Others
16251.0,512,1,128.31,1,1,1,111,3,Hibernating
16252.0,382,1,295.09000000000003,2,1,2,212,5,Hibernating
16253.0,66,7,7272.2,3,4,5,345,12,Loyal Customers
16254.0,378,3,967.44,2,3,3,233,8,At Risk
16255.0,16,15,4530.0,5,5,5,555,15,Champions
16256.0,266,3,1629.37,2,3,4,234,9,At Risk
16257.0,176,1,46.95,3,1,1,311,5,Others
16258.0,45,15,11942.52,4,5,5,455,14,Champions
16259.0,410,3,340.94,2,3,2,232,7,Others
16260.0,50,1,1035.45,4,1,3,413,8,Potential Loyalists
16261.0,17,6,1041.16,5,4,3,543,12,Loyal Customers
16262.0,378,1,755.15,2,1,3,213,6,Others
16263.0,423,1,348.16,1,1,2,112,4,Hibernating
16264.0,438,2,823.53,1,2,3,123,6,Others
16265.0,9,12,6935.17,5,5,5,555,15,Champions
16266.0,73,14,1757.95,3,5,4,354,12,Loyal Customers
16267.0,591,1,186.66,1,1,1,111,3,Hibernating
16268.0,71,2,667.65,3,2,3,323,8,Others
16269.0,437,1,717.57,1,1,3,113,5,Others
16270.0,353,1,1141.24,2,1,3,213,6,Others
16271.0,2,10,3397.82,5,5,5,555,15,Champions
16272.0,116,1,411.7,3,1,2,312,6,Others
16273.0,648,2,318.34000000000003,1,2,2,122,5,Hibernating
16274.0,373,1,351.75,2,1,2,212,5,Hibernating
16275.0,196,3,2151.11,2,3,4,234,9,At Risk
16276.0,176,3,2629.3900000000003,3,3,4,334,10,Others
16277.0,733,1,188.69,1,1,1,111,3,Hibernating
16278.0,100,3,1117.84,3,3,3,333,9,Others
16279.0,21,9,5698.28,4,5,5,455,14,Champions
16280.0,725,1,238.05,1,1,1,111,3,Hibernating
16281.0,72,3,3424.02,3,3,5,335,11,Others
16282.0,339,3,1307.58,2,3,4,234,9,At Risk
16283.0,5,8,4350.32,5,5,5,555,15,Champions
16284.0,31,3,1018.48,4,3,3,433,10,Potential Loyalists
16285.0,646,1,176.9,1,1,1,111,3,Hibernating
16286.0,477,2,328.95,1,2,2,122,5,Hibernating
16287.0,169,5,1006.98,3,4,3,343,10,Loyal Customers
16288.0,470,1,129.85,1,1,1,111,3,Hibernating
16289.0,462,1,136.31,1,1,1,111,3,Hibernating
16290.0,464,4,1957.7,1,4,4,144,9,At Risk
16291.0,682,1,117.72,1,1,1,111,3,Hibernating
16292.0,121,5,1253.76,3,4,4,344,11,Loyal Customers
16293.0,21,15,4279.2,4,5,5,455,14,Champions
16294.0,476,1,126.05000000000001,1,1,1,111,3,Hibernating
16295.0,9,4,1328.55,5,4,4,544,13,Champions
16296.0,626,4,1313.67,1,4,4,144,9,At Risk
16297.0,268,1,301.9,2,1,2,212,5,Hibernating
16298.0,22,7,1085.7,4,4,3,443,11,Loyal Customers
16299.0,477,1,193.65,1,1,1,111,3,Hibernating
16300.0,430,3,1367.32,1,3,4,134,8,At Risk
16301.0,736,1,107.33,1,1,1,111,3,Hibernating
16302.0,126,1,233.22,3,1,1,311,5,Others
16303.0,25,7,7928.27,4,4,5,445,13,Champions
16304.0,694,1,381.66,1,1,2,112,4,Hibernating
16305.0,138,1,361.21999999999997,3,1,2,312,6,Others
16306.0,213,7,1124.72,2,4,3,243,9,At Risk
16307.0,429,3,1194.92,1,3,3,133,7,At Risk
16308.0,37,7,5120.0,4,4,5,445,13,Champions
16309.0,106,2,706.57,3,2,3,323,8,Others
16310.0,414,2,460.08,1,2,2,122,5,Hibernating
16311.0,17,2,616.26,5,2,3,523,10,Potential Loyalists
16312.0,432,1,171.15,1,1,1,111,3,Hibernating
16313.0,3,2,274.15000000000003,5,2,1,521,8,Others
16314.0,389,3,1491.4,2,3,4,234,9,At Risk
16315.0,330,2,402.71,2,2,2,222,6,Hibernating
16316.0,64,13,5744.91,3,5,5,355,13,Loyal Customers
16317.0,119,5,2192.51,3,4,4,344,11,Loyal Customers
16318.0,35,1,328.15,4,1,2,412,7,Potential Loyalists
16319.0,217,1,404.40000000000003,2,1,2,212,5,Hibernating
16320.0,172,6,5628.99,3,4,5,345,12,Loyal Customers
16321.0,72,7,604.5500000000001,3,4,2,342,9,Others
16322.0,1,2,326.75,5,2,2,522,9,Potential Loyalists
16323.0,196,2,353.66,2,2,2,222,6,Hibernating
16324.0,128,3,408.59000000000003,3,3,2,332,8,Others
16325.0,46,12,3597.5,4,5,5,455,14,Champions
16326.0,5,24,4721.25,5,5,5,555,15,Champions
16327.0,14,16,10159.64,5,5,5,555,15,Champions
16328.0,563,1,310.83,1,1,2,112,4,Hibernating
16329.0,427,4,1664.92,1,4,4,144,9,At Risk
16330.0,17,7,625.38,5,4,3,543,12,Loyal Customers
16331.0,432,6,2037.7,1,4,4,144,9,At Risk
16332.0,28,11,2000.01,4,5,4,454,13,Champions
16333.0,7,22,26626.8,5,5,5,555,15,Champions
16334.0,492,1,263.73,1,1,1,111,3,Hibernating
16335.0,551,7,2753.52,1,4,4,144,9,At Risk
16336.0,420,4,3517.69,1,4,5,145,10,At Risk
16337.0,36,1,151.05,4,1,1,411,6,Others
16338.0,157,1,214.79999999999998,3,1,1,311,5,Others
16339.0,284,1,94.05,2,1,1,211,4,Hibernating
16340.0,107,3,1496.24,3,3,4,334,10,Others
16341.0,24,7,3850.79,4,4,5,445,13,Champions
16342.0,75,4,322.41,3,4,2,342,9,Others
16343.0,16,3,614.12,5,3,3,533,11,Potential Loyalists
16344.0,158,4,842.42,3,4,3,343,10,Loyal Customers
16345.0,44,2,1178.79,4,2,3,423,9,Potential Loyalists
16346.0,385,1,224.51,2,1,1,211,4,Hibernating
16347.0,11,11,3442.96,5,5,5,555,15,Champions
16348.0,32,8,1744.42,4,5,4,454,13,Champions
16349.0,290,1,53.5,2,1,1,211,4,Hibernating
16350.0,21,9,2253.89,4,5,4,454,13,Champions
16351.0,332,13,3330.0299999999997,2,5,5,255,12,At Risk
16352.0,17,2,494.44,5,2,2,522,9,Potential Loyalists
16353.0,3,38,9795.460000000001,5,5,5,555,15,Champions
16354.0,63,5,1119.46,3,4,3,343,10,Loyal Customers
16355.0,375,1,416.35,2,1,2,212,5,Hibernating
16356.0,197,6,415.87,2,4,2,242,8,Others
16357.0,33,4,868.37,4,4,3,443,11,Loyal Customers
16358.0,1,5,2919.65,5,4,5,545,14,Champions
16359.0,7,16,2697.75,5,5,4,554,14,Champions
16360.0,4,6,3450.41,5,4,5,545,14,Champions
16361.0,9,4,891.21,5,4,3,543,12,Loyal Customers
16362.0,32,6,922.16,4,4,3,443,11,Loyal Customers
16363.0,53,1,109.36000000000001,4,1,1,411,6,Others
16364.0,11,2,705.79,5,2,3,523,10,Potential Loyalists
16365.0,17,15,3167.34,5,5,5,555,15,Champions
16366.0,18,4,1548.1299999999999,5,4,4,544,13,Champions
16367.0,37,3,1350.48,4,3,4,434,11,Potential Loyalists
16368.0,2,3,621.44,5,3,3,533,11,Potential Loyalists
16369.0,18,7,2656.56,5,4,4,544,13,Champions
16370.0,82,4,1301.91,3,4,4,344,11,Loyal Customers
16371.0,448,1,157.2,1,1,1,111,3,Hibernating
16372.0,33,5,1290.31,4,4,4,444,12,Champions
16373.0,382,2,309.49,2,2,2,222,6,Hibernating
16374.0,66,5,1723.4,3,4,4,344,11,Loyal Customers
16375.0,470,2,104.0,1,2,1,121,4,Hibernating
16376.0,8,2,974.96,5,2,3,523,10,Potential Loyalists
16377.0,267,2,1308.48,2,2,4,224,8,Others
16378.0,247,3,362.95,2,3,2,232,7,Others
16379.0,4,4,2157.4,5,4,4,544,13,Champions
16380.0,61,1,1743.1499999999999,3,1,4,314,8,Others
16381.0,395,2,247.85,2,2,1,221,5,Hibernating
16382.0,408,2,353.1,2,2,2,222,6,Hibernating
16383.0,74,7,2896.69,3,4,4,344,11,Loyal Customers
16384.0,89,4,1358.95,3,4,4,344,11,Loyal Customers
16385.0,60,5,881.35,3,4,3,343,10,Loyal Customers
16386.0,28,3,1068.16,4,3,3,433,10,Potential Loyalists
16387.0,322,5,882.46,2,4,3,243,9,At Risk
16388.0,653,1,186.05,1,1,1,111,3,Hibernating
16389.0,53,4,1382.07,4,4,4,444,12,Champions
16390.0,536,3,467.5,1,3,2,132,6,Others
16391.0,400,4,1052.26,2,4,3,243,9,At Risk
16392.0,269,3,756.7,2,3,3,233,8,At Risk
16393.0,2,23,5297.77,5,5,5,555,15,Champions
16394.0,56,5,1555.34,4,4,4,444,12,Champions
16395.0,60,14,3518.41,3,5,5,355,13,Loyal Customers
16396.0,476,1,137.8,1,1,1,111,3,Hibernating
16397.0,628,1,123.13,1,1,1,111,3,Hibernating
16398.0,154,2,1705.8,3,2,4,324,9,Others
16399.0,19,3,630.22,5,3,3,533,11,Potential Loyalists
16400.0,94,9,3059.85,3,5,5,355,13,Loyal Customers
16401.0,1,23,6849.15,5,5,5,555,15,Champions
16402.0,264,2,293.45,2,2,2,222,6,Hibernating
16403.0,312,1,177.5,2,1,1,211,4,Hibernating
16404.0,70,1,443.05,3,1,2,312,6,Others
16405.0,302,2,167.25,2,2,1,221,5,Hibernating
16406.0,18,3,528.36,5,3,2,532,10,Potential Loyalists
16407.0,12,14,2761.65,5,5,4,554,14,Champions
16408.0,591,1,231.93,1,1,1,111,3,Hibernating
16409.0,36,12,5652.74,4,5,5,455,14,Champions
16410.0,734,1,130.32,1,1,1,111,3,Hibernating
16411.0,19,4,756.39,5,4,3,543,12,Loyal Customers
16412.0,53,5,593.19,4,4,2,442,10,Others
16413.0,56,2,522.03,4,2,2,422,8,Potential Loyalists
16414.0,21,5,551.21,4,4,2,442,10,Others
16415.0,44,3,696.76,4,3,3,433,10,Potential Loyalists
16416.0,26,9,2957.88,4,5,5,455,14,Champions
16417.0,492,1,35.7,1,1,1,111,3,Hibernating
16418.0,44,5,1028.74,4,4,3,443,11,Loyal Customers
16419.0,112,8,1463.7,3,5,4,354,12,Loyal Customers
16420.0,396,1,75.0,2,1,1,211,4,Hibernating
16421.0,376,3,526.27,2,3,2,232,7,Others
16422.0,17,109,61920.87,5,5,5,555,15,Champions
16423.0,24,1,346.12,4,1,2,412,7,Potential Loyalists
16424.0,191,2,443.06,2,2,2,222,6,Hibernating
16425.0,302,1,302.7,2,1,2,212,5,Hibernating
16426.0,2,10,1863.76,5,5,4,554,14,Champions
16427.0,263,2,241.06,2,2,1,221,5,Hibernating
16428.0,413,3,638.49,1,3,3,133,7,At Risk
16429.0,106,1,284.55,3,1,1,311,5,Others
16430.0,57,7,1117.94,4,4,3,443,11,Loyal Customers
16431.0,213,3,623.28,2,3,3,233,8,At Risk
16432.0,64,1,287.4,3,1,2,312,6,Others
16433.0,28,2,384.52,4,2,2,422,8,Potential Loyalists
16434.0,29,12,2673.69,4,5,4,454,13,Champions
16435.0,512,3,1003.0699999999999,1,3,3,133,7,At Risk
16436.0,668,3,319.14,1,3,2,132,6,Others
16437.0,381,2,301.25,2,2,2,222,6,Hibernating
16438.0,5,5,798.35,5,4,3,543,12,Loyal Customers
16439.0,722,1,310.70000000000005,1,1,2,112,4,Hibernating
16440.0,7,6,3856.9700000000003,5,4,5,545,14,Champions
16441.0,67,5,1019.13,3,4,3,343,10,Loyal Customers
16442.0,1,5,891.98,5,4,3,543,12,Loyal Customers
16443.0,520,1,162.24,1,1,1,111,3,Hibernating
16444.0,46,17,3625.88,4,5,5,455,14,Champions
16445.0,33,4,583.16,4,4,2,442,10,Others
16446.0,0,2,168472.5,5,2,5,525,12,Potential Loyalists
16447.0,135,3,727.1,3,3,3,333,9,Others
16448.0,198,2,361.12,2,2,2,222,6,Hibernating
16449.0,197,2,707.69,2,2,3,223,7,Others
16450.0,149,3,1505.73,3,3,4,334,10,Others
16451.0,87,3,1013.15,3,3,3,333,9,Others
16452.0,630,2,332.17,1,2,2,122,5,Hibernating
16453.0,530,2,251.71,1,2,1,121,4,Hibernating
16454.0,44,4,30.950000000000003,4,4,1,441,9,Others
16455.0,63,11,3995.57,3,5,5,355,13,Loyal Customers
16456.0,99,13,6000.94,3,5,5,355,13,Loyal Customers
16457.0,218,1,208.36,2,1,1,211,4,Hibernating
16458.0,2,30,5690.89,5,5,5,555,15,Champions
16459.0,729,1,71.78999999999999,1,1,1,111,3,Hibernating
16460.0,28,3,811.23,4,3,3,433,10,Potential Loyalists
16461.0,177,3,1545.83,3,3,4,334,10,Others
16462.0,73,3,136.0,3,3,1,331,7,Others
16463.0,21,4,1422.4,4,4,4,444,12,Champions
16464.0,19,3,1298.66,5,3,4,534,12,Potential Loyalists
16465.0,420,2,746.24,1,2,3,123,6,Others
16466.0,33,15,3767.09,4,5,5,455,14,Champions
16467.0,508,7,2869.16,1,4,4,144,9,At Risk
16468.0,74,3,787.52,3,3,3,333,9,Others
16469.0,23,5,803.9,4,4,3,443,11,Loyal Customers
16470.0,51,11,2416.85,4,5,4,454,13,Champions
16471.0,274,4,1189.98,2,4,3,243,9,At Risk
16472.0,434,2,789.6,1,2,3,123,6,Others
16473.0,164,4,470.83,3,4,2,342,9,Others
16474.0,7,7,1810.65,5,4,4,544,13,Champions
16475.0,88,4,544.3,3,4,2,342,9,Others
16476.0,431,1,350.35,1,1,2,112,4,Hibernating
16477.0,63,11,4094.37,3,5,5,355,13,Loyal Customers
16478.0,25,3,331.0,4,3,2,432,9,Potential Loyalists
16479.0,10,2,300.83,5,2,2,522,9,Potential Loyalists
16480.0,75,1,769.29,3,1,3,313,7,Others
16481.0,682,1,453.38,1,1,2,112,4,Hibernating
16482.0,15,1,220.62,5,1,1,511,7,Others
16483.0,192,1,139.35,2,1,1,211,4,Hibernating
16484.0,173,2,404.3,3,2,2,322,7,Others
16485.0,77,5,2287.19,3,4,4,344,11,Loyal Customers
16486.0,537,1,134.36,1,1,1,111,3,Hibernating
16487.0,577,2,209.4,1,2,1,121,4,Hibernating
16488.0,33,3,498.8,4,3,2,432,9,Potential Loyalists
16489.0,380,2,303.7,2,2,2,222,6,Hibernating
16490.0,436,1,205.41000000000003,1,1,1,111,3,Hibernating
16491.0,46,2,1533.16,4,2,4,424,10,Potential Loyalists
16492.0,540,1,385.56,1,1,2,112,4,Hibernating
16493.0,79,7,2132.09,3,4,4,344,11,Loyal Customers
16494.0,296,1,826.53,2,1,3,213,6,Others
16495.0,3,3,648.26,5,3,3,533,11,Potential Loyalists
16496.0,8,6,2330.77,5,4,4,544,13,Champions
16497.0,49,23,6695.28,4,5,5,455,14,Champions
16498.0,161,2,100.97,3,2,1,321,6,Others
16499.0,360,8,2578.34,2,5,4,254,11,At Risk
16500.0,4,9,843.9100000000001,5,5,3,553,13,Loyal Customers
16501.0,383,1,1191.23,2,1,3,213,6,Others
16502.0,620,2,258.55,1,2,1,121,4,Hibernating
16503.0,106,11,3614.34,3,5,5,355,13,Loyal Customers
16504.0,25,1,465.88,4,1,2,412,7,Potential Loyalists
16505.0,31,1,777.6,4,1,3,413,8,Potential Loyalists
16506.0,19,2,90.30000000000001,5,2,1,521,8,Others
16507.0,572,1,142.71,1,1,1,111,3,Hibernating
16508.0,630,1,240.95,1,1,1,111,3,Hibernating
16509.0,296,1,363.7,2,1,2,212,5,Hibernating
16510.0,372,6,1777.5,2,4,4,244,10,At Risk
16511.0,21,6,1760.49,4,4,4,444,12,Champions
16513.0,4,4,874.59,5,4,3,543,12,Loyal Customers
16515.0,52,10,3179.06,4,5,5,455,14,Champions
16516.0,30,1,101.69999999999999,4,1,1,411,6,Others
16517.0,277,1,162.7,2,1,1,211,4,Hibernating
16518.0,61,4,959.37,3,4,3,343,10,Loyal Customers
16519.0,25,4,439.06,4,4,2,442,10,Others
16520.0,186,6,2148.38,3,4,4,344,11,Loyal Customers
16521.0,415,3,1140.11,1,3,3,133,7,At Risk
16522.0,435,2,433.36,1,2,2,122,5,Hibernating
16523.0,1,28,11916.33,5,5,5,555,15,Champions
16524.0,446,2,306.19,1,2,2,122,5,Hibernating
16525.0,2,48,24151.3,5,5,5,555,15,Champions
16526.0,171,2,717.21,3,2,3,323,8,Others
16527.0,81,2,1232.94,3,2,4,324,9,Others
16528.0,3,1,244.41,5,1,1,511,7,Others
16529.0,190,4,1986.8,2,4,4,244,10,At Risk
16530.0,668,1,48.349999999999994,1,1,1,111,3,Hibernating
16531.0,22,11,2298.33,4,5,4,454,13,Champions
16532.0,17,5,8756.64,5,4,5,545,14,Champions
16533.0,19,3,1082.81,5,3,3,533,11,Potential Loyalists
16534.0,642,1,635.9,1,1,3,113,5,Others
16535.0,5,3,972.04,5,3,3,533,11,Potential Loyalists
16536.0,110,1,548.12,3,1,2,312,6,Others
16537.0,641,1,23.35,1,1,1,111,3,Hibernating
16538.0,541,3,395.07,1,3,2,132,6,Others
16539.0,2,10,3289.66,5,5,5,555,15,Champions
16540.0,414,1,205.75,1,1,1,111,3,Hibernating
16541.0,735,1,424.03,1,1,2,112,4,Hibernating
16542.0,53,2,257.32,4,2,1,421,7,Others
16543.0,591,1,292.21,1,1,2,112,4,Hibernating
16544.0,519,4,376.70000000000005,1,4,2,142,7,Others
16545.0,164,2,689.82,3,2,3,323,8,Others
16546.0,290,5,5307.07,2,4,5,245,11,At Risk
16547.0,546,1,104.25999999999999,1,1,1,111,3,Hibernating
16548.0,599,1,30.15,1,1,1,111,3,Hibernating
16549.0,10,34,12781.8,5,5,5,555,15,Champions
16550.0,108,18,8813.58,3,5,5,355,13,Loyal Customers
16551.0,95,7,2237.12,3,4,4,344,11,Loyal Customers
16552.0,242,2,379.73,2,2,2,222,6,Hibernating
16553.0,163,33,16584.01,3,5,5,355,13,Loyal Customers
16554.0,42,8,2841.72,4,5,4,454,13,Champions
16555.0,35,6,1915.68,4,4,4,444,12,Champions
16556.0,66,17,8012.58,3,5,5,355,13,Loyal Customers
16557.0,24,2,281.85,4,2,1,421,7,Others
16558.0,0,38,13304.11,5,5,5,555,15,Champions
16559.0,397,1,175.0,2,1,1,211,4,Hibernating
16560.0,26,8,3048.38,4,5,5,455,14,Champions
16561.0,5,2,511.12,5,2,2,522,9,Potential Loyalists
16562.0,476,1,223.85999999999999,1,1,1,111,3,Hibernating
16563.0,53,6,4412.56,4,4,5,445,13,Champions
16564.0,569,1,87.8,1,1,1,111,3,Hibernating
16565.0,364,4,773.05,2,4,3,243,9,At Risk
16566.0,15,5,614.66,5,4,3,543,12,Loyal Customers
16567.0,194,2,865.6,2,2,3,223,7,Others
16568.0,427,2,1020.9000000000001,1,2,3,123,6,Others
16569.0,3,5,1455.23,5,4,4,544,13,Champions
16570.0,15,20,7434.31,5,5,5,555,15,Champions
16571.0,26,10,4248.74,4,5,5,455,14,Champions
16572.0,127,3,1009.6,3,3,3,333,9,Others
16573.0,84,2,663.61,3,2,3,323,8,Others
16574.0,71,3,1301.78,3,3,4,334,10,Others
16576.0,420,2,540.87,1,2,2,122,5,Hibernating
16577.0,666,1,380.0,1,1,2,112,4,Hibernating
16578.0,626,1,156.6,1,1,1,111,3,Hibernating
16579.0,425,1,295.05,1,1,2,112,4,Hibernating
16581.0,182,1,105.84,3,1,1,311,5,Others
16582.0,113,1,313.62,3,1,2,312,6,Others
16583.0,373,2,297.95,2,2,2,222,6,Hibernating
16584.0,80,5,3156.17,3,4,5,345,12,Loyal Customers
16585.0,593,2,341.59,1,2,2,122,5,Hibernating
16586.0,248,3,1462.78,2,3,4,234,9,At Risk
16587.0,232,1,225.15,2,1,1,211,4,Hibernating
16588.0,386,4,1361.28,2,4,4,244,10,At Risk
16589.0,71,4,612.36,3,4,3,343,10,Loyal Customers
16590.0,400,2,605.9,2,2,2,222,6,Hibernating
16591.0,68,1,213.5,3,1,1,311,5,Others
16592.0,4,28,7807.91,5,5,5,555,15,Champions
16593.0,50,8,1071.1399999999999,4,5,3,453,12,Loyal Customers
16594.0,75,1,181.09,3,1,1,311,5,Others
16595.0,61,5,1757.75,3,4,4,344,11,Loyal Customers
16596.0,15,4,458.98,5,4,2,542,11,Others
16597.0,4,1,90.04,5,1,1,511,7,Others
16598.0,285,1,145.04999999999998,2,1,1,211,4,Hibernating
16599.0,385,1,172.8,2,1,1,211,4,Hibernating
16600.0,4,13,2153.41,5,5,4,554,14,Champions
16601.0,40,3,677.0,4,3,3,433,10,Potential Loyalists
16602.0,36,2,763.33,4,2,3,423,9,Potential Loyalists
16603.0,74,2,482.47,3,2,2,322,7,Others
16604.0,562,2,432.45,1,2,2,122,5,Hibernating
16605.0,724,1,60.48,1,1,1,111,3,Hibernating
16606.0,404,2,357.66,2,2,2,222,6,Hibernating
16607.0,17,25,5706.87,5,5,5,555,15,Champions
16608.0,453,2,1286.6200000000001,1,2,4,124,7,Others
16609.0,15,7,5493.46,5,4,5,545,14,Champions
16610.0,219,1,75.66,2,1,1,211,4,Hibernating
16611.0,186,6,1785.13,3,4,4,344,11,Loyal Customers
16612.0,32,9,3245.43,4,5,5,455,14,Champions
16613.0,70,1,618.59,3,1,3,313,7,Others
16614.0,182,3,1179.79,3,3,3,333,9,Others
16615.0,626,1,291.5,1,1,2,112,4,Hibernating
16616.0,15,2,500.42,5,2,2,522,9,Potential Loyalists
16617.0,235,1,151.85,2,1,1,211,4,Hibernating
16618.0,31,5,2647.59,4,4,4,444,12,Champions
16619.0,263,4,1938.33,2,4,4,244,10,At Risk
16620.0,3,6,1758.93,5,4,4,544,13,Champions
16621.0,51,4,813.48,4,4,3,443,11,Loyal Customers
16622.0,543,1,225.4,1,1,1,111,3,Hibernating
16623.0,245,4,1015.24,2,4,3,243,9,At Risk
16624.0,80,2,810.5699999999999,3,2,3,323,8,Others
16625.0,274,5,1654.03,2,4,4,244,10,At Risk
16626.0,0,17,4413.1,5,5,5,555,15,Champions
16627.0,79,1,322.8,3,1,2,312,6,Others
16628.0,29,7,2318.1,4,4,4,444,12,Champions
16629.0,73,2,408.63,3,2,2,322,7,Others
16630.0,407,1,106.80000000000001,2,1,1,211,4,Hibernating
16631.0,481,7,1892.52,1,4,4,144,9,At Risk
16632.0,485,2,406.4,1,2,2,122,5,Hibernating
16633.0,17,6,2883.1,5,4,4,544,13,Champions
16634.0,222,6,1649.81,2,4,4,244,10,At Risk
16635.0,406,1,473.0,2,1,2,212,5,Hibernating
16636.0,438,4,3802.04,1,4,5,145,10,At Risk
16637.0,32,4,1154.47,4,4,3,443,11,Loyal Customers
16638.0,22,15,2380.13,4,5,4,454,13,Champions
16639.0,31,4,1747.98,4,4,4,444,12,Champions
16640.0,397,1,179.4,2,1,1,211,4,Hibernating
16641.0,105,2,554.5,3,2,2,322,7,Others
16642.0,4,3,1077.45,5,3,3,533,11,Potential Loyalists
16643.0,245,2,923.11,2,2,3,223,7,Others
16644.0,177,2,833.78,3,2,3,323,8,Others
16645.0,735,1,160.39,1,1,1,111,3,Hibernating
16646.0,449,1,678.8,1,1,3,113,5,Others
16647.0,169,4,541.9,3,4,2,342,9,Others
16648.0,42,3,672.8,4,3,3,433,10,Potential Loyalists
16649.0,520,1,306.58000000000004,1,1,2,112,4,Hibernating
16650.0,71,7,1916.11,3,4,4,344,11,Loyal Customers
16651.0,586,1,136.2,1,1,1,111,3,Hibernating
16652.0,58,16,17550.39,4,5,5,455,14,Champions
16653.0,16,2,1212.66,5,2,3,523,10,Potential Loyalists
16654.0,141,8,1484.07,3,5,4,354,12,Loyal Customers
16655.0,17,13,6423.26,5,5,5,555,15,Champions
16656.0,22,30,16833.170000000002,4,5,5,455,14,Champions
16657.0,9,4,874.43,5,4,3,543,12,Loyal Customers
16658.0,368,6,690.83,2,4,3,243,9,At Risk
16659.0,189,1,39.12,3,1,1,311,5,Others
16660.0,16,7,1879.55,5,4,4,544,13,Champions
16661.0,540,4,932.76,1,4,3,143,8,At Risk
16662.0,394,1,151.05,2,1,1,211,4,Hibernating
16663.0,729,1,165.0,1,2,1,121,4,Hibernating
16664.0,569,1,109.2,1,2,1,121,4,Hibernating
16665.0,362,1,135.39999999999998,2,2,1,221,5,Hibernating
16666.0,19,2,217.71,5,2,1,521,8,Others
16667.0,68,2,567.1800000000001,3,2,2,322,7,Others
16668.0,15,13,862.42,5,5,3,553,13,Loyal Customers
16669.0,23,3,1348.88,4,3,4,434,11,Potential Loyalists
16670.0,16,20,8030.150000000001,5,5,5,555,15,Champions
16671.0,28,3,1692.27,4,3,4,434,11,Potential Loyalists
16672.0,2,20,8134.9400000000005,5,5,5,555,15,Champions
16673.0,679,1,171.13,1,2,1,121,4,Hibernating
16674.0,54,2,304.24,4,2,2,422,8,Potential Loyalists
16675.0,441,2,608.86,1,2,2,122,5,Hibernating
16676.0,33,6,2361.9,4,4,4,444,12,Champions
16677.0,411,2,880.62,1,2,3,123,6,Others
16678.0,2,12,3109.99,5,5,5,555,15,Champions
16679.0,366,3,663.31,2,3,3,233,8,At Risk
16680.0,43,3,821.45,4,3,3,433,10,Potential Loyalists
16681.0,72,7,1921.84,3,4,4,344,11,Loyal Customers
16682.0,4,5,1028.0,5,4,3,543,12,Loyal Customers
16683.0,533,1,320.25,1,2,2,122,5,Hibernating
16684.0,4,55,147142.77,5,5,5,555,15,Champions
16685.0,61,2,324.24,3,2,2,322,7,Others
16686.0,47,16,4881.07,4,5,5,455,14,Champions
16687.0,390,1,157.63,2,2,1,221,5,Hibernating
16688.0,1,4,1260.86,5,4,4,544,13,Champions
16689.0,75,2,422.59999999999997,3,2,2,322,7,Others
16690.0,72,4,353.03,3,4,2,342,9,Others
16691.0,418,2,178.83,1,2,1,121,4,Hibernating
16692.0,256,4,1914.6999999999998,2,4,4,244,10,At Risk
16693.0,68,5,1179.48,3,4,3,343,10,Loyal Customers
16694.0,723,1,98.30000000000001,1,2,1,121,4,Hibernating
16695.0,561,2,191.9,1,2,1,121,4,Hibernating
16696.0,135,4,657.9000000000001,3,4,3,343,10,Loyal Customers
16697.0,241,1,112.75,2,2,1,221,5,Hibernating
16698.0,226,2,1998.0,2,2,4,224,8,Others
16699.0,380,7,994.6,2,4,3,243,9,At Risk
16700.0,8,25,8830.77,5,5,5,555,15,Champions
16701.0,8,26,9916.73,5,5,5,555,15,Champions
16702.0,415,4,1110.83,1,4,3,143,8,At Risk
16704.0,618,2,664.16,1,2,3,123,6,Others
16705.0,0,42,43515.051,5,5,5,555,15,Champions
16706.0,37,3,531.35,4,3,2,432,9,Potential Loyalists
16707.0,400,4,533.41,2,4,2,242,8,Others
16708.0,45,1,656.63,4,2,3,423,9,Potential Loyalists
16709.0,84,14,9056.01,3,5,5,355,13,Loyal Customers
16710.0,19,22,5921.35,5,5,5,555,15,Champions
16711.0,3,9,2868.48,5,5,4,554,14,Champions
16712.0,9,13,4232.87,5,5,5,555,15,Champions
16713.0,18,32,14115.56,5,5,5,555,15,Champions
16714.0,218,4,1497.33,2,4,4,244,10,At Risk
16715.0,78,2,625.52,3,2,3,323,8,Others
16716.0,266,3,2149.6800000000003,2,3,4,234,9,At Risk
16717.0,23,14,6663.68,4,5,5,455,14,Champions
16718.0,369,5,3006.08,2,4,5,245,11,At Risk
16719.0,14,14,3513.62,5,5,5,555,15,Champions
16720.0,26,3,758.74,4,3,3,433,10,Potential Loyalists
16721.0,262,1,292.47,2,2,2,222,6,Hibernating
16722.0,17,22,8189.56,5,5,5,555,15,Champions
16723.0,91,4,1231.36,3,4,4,344,11,Loyal Customers
16724.0,404,1,147.35,2,2,1,221,5,Hibernating
16725.0,302,14,1688.26,2,5,4,254,11,At Risk
16726.0,26,7,2063.88,4,4,4,444,12,Champions
16727.0,364,4,1377.77,2,4,4,244,10,At Risk
16728.0,46,4,1048.28,4,4,3,443,11,Loyal Customers
16729.0,38,21,7205.33,4,5,5,455,14,Champions
16730.0,52,3,743.11,4,3,3,433,10,Potential Loyalists
16731.0,648,1,170.3,1,2,1,121,4,Hibernating
16732.0,31,4,4387.64,4,4,5,445,13,Champions
16733.0,529,1,259.68,1,2,1,121,4,Hibernating
16734.0,52,3,646.76,4,3,3,433,10,Potential Loyalists
16735.0,78,14,6217.41,3,5,5,355,13,Loyal Customers
16736.0,505,5,2956.56,1,4,5,145,10,At Risk
16737.0,53,2,835.1999999999999,4,2,3,423,9,Potential Loyalists
16738.0,297,1,3.75,2,2,1,221,5,Hibernating
16739.0,176,2,786.43,3,2,3,323,8,Others
16740.0,395,1,226.91,2,2,1,221,5,Hibernating
16741.0,625,1,173.06,1,2,1,121,4,Hibernating
16742.0,46,14,2799.87,4,5,4,454,13,Champions
16743.0,29,14,4212.15,4,5,5,455,14,Champions
16744.0,11,7,1291.91,5,4,4,544,13,Champions
16745.0,86,17,7180.7,3,5,5,355,13,Loyal Customers
16746.0,4,42,18046.75,5,5,5,555,15,Champions
16747.0,37,2,836.06,4,2,3,423,9,Potential Loyalists
16748.0,17,14,3637.33,5,5,5,555,15,Champions
16749.0,591,2,4157.88,1,2,5,125,8,Others
16750.0,44,5,623.93,4,4,3,443,11,Loyal Customers
16751.0,30,1,1764.72,4,2,4,424,10,Potential Loyalists
16752.0,372,1,207.5,2,2,1,221,5,Hibernating
16753.0,58,1,223.92000000000002,4,2,1,421,7,Others
16754.0,372,29,65500.07,2,5,5,255,12,At Risk
16755.0,114,7,2864.68,3,4,4,344,11,Loyal Customers
16756.0,214,7,1312.3700000000001,2,4,4,244,10,At Risk
16757.0,318,2,270.48,2,2,1,221,5,Hibernating
16758.0,65,1,369.34000000000003,3,2,2,322,7,Others
16759.0,7,3,789.79,5,3,3,533,11,Potential Loyalists
16760.0,430,1,228.0,1,2,1,121,4,Hibernating
16761.0,96,1,316.62,3,2,2,322,7,Others
16762.0,19,3,1207.24,5,3,3,533,11,Potential Loyalists
16763.0,198,2,964.6999999999999,2,2,3,223,7,Others
16764.0,3,13,2790.9500000000003,5,5,4,554,14,Champions
16765.0,294,2,454.75,2,2,2,222,6,Hibernating
16766.0,273,2,1145.6,2,2,3,223,7,Others
16767.0,30,15,8056.76,4,5,5,455,14,Champions
16768.0,47,9,1698.57,4,5,4,454,13,Champions
16769.0,260,4,1117.05,2,4,3,243,9,At Risk
16770.0,57,9,1778.93,4,5,4,454,13,Champions
16771.0,33,10,3949.6,4,5,5,455,14,Champions
16772.0,423,3,3698.0499999999997,1,3,5,135,9,At Risk
16773.0,57,3,421.24,4,3,2,432,9,Potential Loyalists
16774.0,67,8,1567.48,3,5,4,354,12,Loyal Customers
16775.0,10,16,2820.84,5,5,4,554,14,Champions
16776.0,60,2,592.51,3,2,2,322,7,Others
16777.0,80,5,1292.18,3,4,4,344,11,Loyal Customers
16778.0,74,2,245.94,3,2,1,321,6,Others
16779.0,2,53,32809.03,5,5,5,555,15,Champions
16780.0,100,3,596.4,3,3,2,332,8,Others
16781.0,372,2,623.0,2,2,3,223,7,Others
16782.0,10,38,9636.12,5,5,5,555,15,Champions
16783.0,436,1,391.95,1,2,2,122,5,Hibernating
16784.0,19,5,892.33,5,4,3,543,12,Loyal Customers
16785.0,409,1,533.78,2,2,2,222,6,Hibernating
16786.0,393,1,51.839999999999996,2,2,1,221,5,Hibernating
16787.0,397,4,1017.53,2,4,3,243,9,At Risk
16788.0,123,5,1928.93,3,4,4,344,11,Loyal Customers
16789.0,8,1,80.8,5,2,1,521,8,Others
16790.0,3,6,1545.6200000000001,5,4,4,544,13,Champions
16791.0,29,15,3957.63,4,5,5,455,14,Champions
16792.0,282,5,623.46,2,4,3,243,9,At Risk
16793.0,57,1,243.84,4,2,1,421,7,Others
16794.0,1,15,2052.7,5,5,4,554,14,Champions
16795.0,365,3,2062.41,2,3,4,234,9,At Risk
16796.0,89,1,305.62,3,2,2,322,7,Others
16797.0,393,5,1802.02,2,4,4,244,10,At Risk
16798.0,554,3,841.16,1,3,3,133,7,At Risk
16799.0,432,2,452.78000000000003,1,2,2,122,5,Hibernating
16800.0,11,1,1162.65,5,2,3,523,10,Potential Loyalists
16801.0,163,4,1594.23,3,4,4,344,11,Loyal Customers
16802.0,679,2,582.61,1,2,2,122,5,Hibernating
16803.0,65,1,332.3,3,2,2,322,7,Others
16804.0,23,3,536.99,4,3,2,432,9,Potential Loyalists
16805.0,173,5,1091.34,3,4,3,343,10,Loyal Customers
16806.0,103,4,762.16,3,4,3,343,10,Loyal Customers
16807.0,142,6,2123.88,3,4,4,344,11,Loyal Customers
16808.0,99,2,288.42,3,2,2,322,7,Others
16809.0,23,9,1727.43,4,5,4,454,13,Champions
16810.0,192,2,842.0400000000001,2,2,3,223,7,Others
16811.0,4,2,547.07,5,2,2,522,9,Potential Loyalists
16812.0,360,4,2392.0,2,4,4,244,10,At Risk
16813.0,8,10,1652.18,5,5,4,554,14,Champions
16814.0,14,36,11924.85,5,5,5,555,15,Champions
16815.0,453,2,406.02,1,2,2,122,5,Hibernating
16816.0,103,4,417.06,3,4,2,342,9,Others
16817.0,2,13,2560.7,5,5,4,554,14,Champions
16818.0,10,11,3349.57,5,5,5,555,15,Champions
16819.0,465,2,182.59,1,2,1,121,4,Hibernating
16820.0,95,1,497.61,3,2,2,322,7,Others
16821.0,381,1,113.35,2,2,1,221,5,Hibernating
16822.0,686,1,181.39,1,2,1,121,4,Hibernating
16823.0,227,7,2243.09,2,4,4,244,10,At Risk
16824.0,15,3,686.24,5,3,3,533,11,Potential Loyalists
16825.0,38,5,1826.89,4,4,4,444,12,Champions
16826.0,51,1,341.7,4,2,2,422,8,Potential Loyalists
16827.0,393,5,392.13,2,4,2,242,8,Others
16828.0,93,2,128.5,3,2,1,321,6,Others
16829.0,156,2,513.32,3,2,2,322,7,Others
16830.0,38,4,1207.5,4,4,3,443,11,Loyal Customers
16831.0,564,1,91.8,1,2,1,121,4,Hibernating
16832.0,184,5,417.61,3,4,2,342,9,Others
16833.0,1,6,2409.04,5,4,4,544,13,Champions
16834.0,227,2,898.96,2,3,3,233,8,At Risk
16835.0,128,6,1456.66,3,4,4,344,11,Loyal Customers
16836.0,39,4,782.37,4,4,3,443,11,Loyal Customers
16837.0,31,11,3170.98,4,5,5,455,14,Champions
16838.0,197,4,1159.61,2,4,3,243,9,At Risk
16839.0,8,44,21758.25,5,5,5,555,15,Champions
16840.0,603,2,139.85,1,3,1,131,5,Others
16841.0,36,12,4006.06,4,5,5,455,14,Champions
16842.0,100,3,1264.19,3,3,4,334,10,Others
16843.0,42,35,19571.43,4,5,5,455,14,Champions
16844.0,562,2,614.34,1,3,3,133,7,At Risk
16845.0,618,1,253.88,1,2,1,121,4,Hibernating
16846.0,50,3,842.41,4,3,3,433,10,Potential Loyalists
16847.0,43,2,614.89,4,3,3,433,10,Potential Loyalists
16848.0,52,4,1411.62,4,4,4,444,12,Champions
16849.0,186,1,124.57,3,2,1,321,6,Others
16850.0,333,1,332.41,2,2,2,222,6,Hibernating
16851.0,4,3,342.45,5,3,2,532,10,Potential Loyalists
16852.0,10,2,144.91000000000003,5,3,1,531,9,Others
16854.0,417,2,1408.96,1,3,4,134,8,At Risk
16855.0,23,2,328.4,4,3,2,432,9,Potential Loyalists
16856.0,14,3,358.49,5,3,2,532,10,Potential Loyalists
16857.0,442,1,352.8,1,2,2,122,5,Hibernating
16858.0,368,10,4292.59,2,5,5,255,12,At Risk
16859.0,144,7,1932.41,3,4,4,344,11,Loyal Customers
16860.0,452,3,1610.62,1,3,4,134,8,At Risk
16861.0,59,5,946.59,3,4,3,343,10,Loyal Customers
16862.0,547,4,662.33,1,4,3,143,8,At Risk
16863.0,31,3,834.27,4,3,3,433,10,Potential Loyalists
16864.0,434,2,409.25,1,3,2,132,6,Others
16865.0,401,1,130.95,2,2,1,221,5,Hibernating
16866.0,140,3,207.73999999999998,3,3,1,331,7,Others
16867.0,689,1,76.74000000000001,1,2,1,121,4,Hibernating
16868.0,394,3,384.56,2,3,2,232,7,Others
16869.0,22,4,817.12,4,4,3,443,11,Loyal Customers
16870.0,469,1,450.15999999999997,1,2,2,122,5,Hibernating
16871.0,22,6,2812.34,4,4,4,444,12,Champions
16872.0,77,6,1213.13,3,4,3,343,10,Loyal Customers
16873.0,4,12,14617.39,5,5,5,555,15,Champions
16874.0,379,1,209.89000000000001,2,2,1,221,5,Hibernating
16875.0,67,11,4234.53,3,5,5,355,13,Loyal Customers
16876.0,403,1,136.01,2,2,1,221,5,Hibernating
16877.0,12,6,846.62,5,4,3,543,12,Loyal Customers
16878.0,84,1,13.3,3,2,1,321,6,Others
16880.0,30,8,1813.21,4,5,4,454,13,Champions
16881.0,66,1,432.0,3,2,2,322,7,Others
16882.0,66,3,705.12,3,3,3,333,9,Others
16883.0,187,19,2246.06,3,5,4,354,12,Loyal Customers
16884.0,37,4,1070.97,4,4,3,443,11,Loyal Customers
16885.0,15,4,684.6,5,4,3,543,12,Loyal Customers
16886.0,456,1,134.0,1,2,1,121,4,Hibernating
16887.0,35,3,658.17,4,3,3,433,10,Potential Loyalists
16888.0,400,3,434.2,2,3,2,232,7,Others
16889.0,194,6,2526.65,2,4,4,244,10,At Risk
16890.0,476,3,285.41,1,3,1,131,5,Others
16891.0,1,11,1727.94,5,5,4,554,14,Champions
16892.0,1,7,754.75,5,4,3,543,12,Loyal Customers
16893.0,366,2,249.89000000000001,2,3,1,231,6,Others
16894.0,502,3,1306.96,1,3,4,134,8,At Risk
16895.0,64,5,1102.9,3,4,3,343,10,Loyal Customers
16896.0,555,1,103.95,1,2,1,121,4,Hibernating
16897.0,299,2,289.78,2,3,2,232,7,Others
16898.0,26,5,885.21,4,4,3,443,11,Loyal Customers
16899.0,7,8,1695.77,5,5,4,554,14,Champions
16900.0,16,3,887.11,5,3,3,533,11,Potential Loyalists
16901.0,729,1,204.26,1,2,1,121,4,Hibernating
16902.0,116,1,1706.88,3,2,4,324,9,Others
16903.0,29,3,1041.75,4,3,3,433,10,Potential Loyalists
16904.0,4,21,4675.36,5,5,5,555,15,Champions
16905.0,5,17,4706.77,5,5,5,555,15,Champions
16906.0,81,7,1410.92,3,4,4,344,11,Loyal Customers
16907.0,29,9,1470.89,4,5,4,454,13,Champions
16908.0,722,1,252.59,1,2,1,121,4,Hibernating
16909.0,72,1,379.14,3,2,2,322,7,Others
16910.0,4,8,1508.96,5,5,4,554,14,Champions
16911.0,635,2,255.25,1,3,1,131,5,Others
16912.0,28,15,4460.51,4,5,5,455,14,Champions
16913.0,290,3,423.90999999999997,2,3,2,232,7,Others
16914.0,36,1,183.76,4,2,1,421,7,Others
16915.0,9,11,1543.18,5,5,4,554,14,Champions
16916.0,23,4,902.02,4,4,3,443,11,Loyal Customers
16917.0,276,2,1851.88,2,3,4,234,9,At Risk
16918.0,49,16,3206.54,4,5,5,455,14,Champions
16919.0,156,24,4909.66,3,5,5,355,13,Loyal Customers
16920.0,411,1,355.45,1,2,2,122,5,Hibernating
16921.0,61,3,409.21,3,3,2,332,8,Others
16922.0,572,1,611.08,1,2,3,123,6,Others
16923.0,12,32,13157.130000000001,5,5,5,555,15,Champions
16924.0,21,3,829.89,4,3,3,433,10,Potential Loyalists
16925.0,540,1,125.65,1,2,1,121,4,Hibernating
16926.0,371,5,1169.6100000000001,2,4,3,243,9,At Risk
16927.0,115,3,543.05,3,3,2,332,8,Others
16928.0,80,29,3897.5299999999997,3,5,5,355,13,Loyal Customers
16929.0,3,7,1295.39,5,4,4,544,13,Champions
16930.0,26,3,378.89,4,3,2,432,9,Potential Loyalists
16931.0,5,23,5032.22,5,5,5,555,15,Champions
16932.0,53,3,412.55,4,3,2,432,9,Potential Loyalists
16933.0,1,9,3099.3,5,5,5,555,15,Champions
16934.0,54,6,2083.14,4,4,4,444,12,Champions
16935.0,381,3,530.86,2,3,2,232,7,Others
16936.0,25,2,548.29,4,3,2,432,9,Potential Loyalists
16937.0,499,1,196.25,1,2,1,121,4,Hibernating
16938.0,8,9,6995.360000000001,5,5,5,555,15,Champions
16939.0,488,3,433.85,1,3,2,132,6,Others
16940.0,52,8,6427.66,4,5,5,455,14,Champions
16941.0,611,1,33.0,1,2,1,121,4,Hibernating
16942.0,12,9,1904.99,5,5,4,554,14,Champions
16943.0,211,5,1299.49,2,4,4,244,10,At Risk
16944.0,609,1,101.36,1,2,1,121,4,Hibernating
16945.0,21,33,8548.16,4,5,5,455,14,Champions
16946.0,383,5,1222.04,2,4,4,244,10,At Risk
16947.0,235,5,955.21,2,4,3,243,9,At Risk
16948.0,138,7,868.77,3,4,3,343,10,Loyal Customers
16949.0,3,6,1286.27,5,4,4,544,13,Champions
16950.0,56,10,3541.77,4,5,5,455,14,Champions
16951.0,134,3,1277.75,3,3,4,334,10,Others
16952.0,109,5,795.83,3,4,3,343,10,Loyal Customers
16953.0,30,1,20.8,4,2,1,421,7,Others
16954.0,0,20,6081.88,5,5,5,555,15,Champions
16955.0,184,6,1120.31,3,4,3,343,10,Loyal Customers
16956.0,17,1,308.74,5,2,2,522,9,Potential Loyalists
16957.0,239,2,416.64,2,3,2,232,7,Others
16958.0,435,1,778.49,1,2,3,123,6,Others
16959.0,87,1,117.35000000000001,3,2,1,321,6,Others
16960.0,38,8,1990.88,4,5,4,454,13,Champions
16961.0,116,3,794.56,3,3,3,333,9,Others
16962.0,409,1,251.04,2,2,1,221,5,Hibernating
16963.0,187,1,110.55000000000001,3,2,1,321,6,Others
16964.0,733,2,207.85,1,3,1,131,5,Others
16965.0,226,1,201.19,2,2,1,221,5,Hibernating
16966.0,8,7,2154.97,5,4,4,544,13,Champions
16967.0,189,1,319.02,3,2,2,322,7,Others
16968.0,4,2,439.43,5,3,2,532,10,Potential Loyalists
16969.0,39,3,650.41,4,3,3,433,10,Potential Loyalists
16970.0,626,1,71.4,1,2,1,121,4,Hibernating
16971.0,38,1,357.21,4,2,2,422,8,Potential Loyalists
16972.0,382,2,749.0,2,3,3,233,8,At Risk
16973.0,386,1,127.0,2,2,1,221,5,Hibernating
16974.0,522,2,365.5,1,3,2,132,6,Others
16975.0,423,3,926.12,1,3,3,133,7,At Risk
16976.0,267,1,251.51999999999998,2,2,1,221,5,Hibernating
16977.0,395,4,496.0,2,4,2,242,8,Others
16978.0,77,3,768.88,3,3,3,333,9,Others
16979.0,3,9,2859.74,5,5,4,554,14,Champions
16980.0,255,3,1422.8300000000002,2,3,4,234,9,At Risk
16982.0,60,1,384.06,3,2,2,322,7,Others
16983.0,12,11,3490.5299999999997,5,5,5,555,15,Champions
16984.0,88,9,10350.53,3,5,5,355,13,Loyal Customers
16985.0,17,23,10923.16,5,5,5,555,15,Champions
16986.0,29,11,4888.75,4,5,5,455,14,Champions
16987.0,3,11,2521.4,5,5,4,554,14,Champions
16988.0,5,2,382.67,5,3,2,532,10,Potential Loyalists
16989.0,7,6,1133.25,5,4,3,543,12,Loyal Customers
16990.0,218,2,344.0,2,3,2,232,7,Others
16991.0,421,1,1041.21,1,2,3,123,6,Others
16992.0,10,13,5476.5,5,5,5,555,15,Champions
16993.0,463,2,1950.9499999999998,1,3,4,134,8,At Risk
16996.0,30,9,2123.61,4,5,4,454,13,Champions
16997.0,288,3,702.0,2,3,3,233,8,At Risk
16998.0,149,5,402.0,3,4,2,342,9,Others
16999.0,23,2,484.82,4,3,2,432,9,Potential Loyalists
17000.0,396,2,406.3,2,3,2,232,7,Others
17001.0,0,19,6640.8,5,5,5,555,15,Champions
17002.0,85,7,2571.55,3,4,4,344,11,Loyal Customers
17003.0,402,4,828.21,2,4,3,243,9,At Risk
17004.0,46,4,2324.36,4,4,4,444,12,Champions
17005.0,470,2,622.36,1,3,3,133,7,At Risk
17006.0,4,8,1635.27,5,5,4,554,14,Champions
17007.0,50,7,1120.1,4,4,3,443,11,Loyal Customers
17008.0,429,1,81.36,1,2,1,121,4,Hibernating
17009.0,551,1,242.06,1,2,1,121,4,Hibernating
17010.0,18,1,195.36,5,2,1,521,8,Others
17011.0,30,3,671.7,4,3,3,433,10,Potential Loyalists
17012.0,725,1,360.61,1,2,2,122,5,Hibernating
17014.0,8,3,583.4300000000001,5,3,2,532,10,Potential Loyalists
17015.0,28,3,1838.6100000000001,4,3,4,434,11,Potential Loyalists
17016.0,576,1,552.4,1,2,2,122,5,Hibernating
17017.0,2,29,12576.99,5,5,5,555,15,Champions
17018.0,40,6,2287.7,4,4,4,444,12,Champions
17019.0,11,11,3602.29,5,5,5,555,15,Champions
17020.0,542,2,935.62,1,3,3,133,7,At Risk
17021.0,442,6,1182.22,1,4,3,143,8,At Risk
17022.0,31,2,260.0,4,3,1,431,8,Others
17023.0,417,3,800.18,1,3,3,133,7,At Risk
17024.0,45,3,95.85,4,3,1,431,8,Others
17025.0,60,5,1349.67,3,4,4,344,11,Loyal Customers
17026.0,185,3,175.82999999999998,3,3,1,331,7,Others
17027.0,78,9,1310.63,3,5,4,354,12,Loyal Customers
17028.0,581,3,1593.83,1,3,4,134,8,At Risk
17029.0,110,7,2137.3,3,4,4,344,11,Loyal Customers
17030.0,63,1,146.87,3,2,1,321,6,Others
17031.0,11,6,2773.85,5,4,4,544,13,Champions
17032.0,547,8,2984.32,1,5,5,155,11,At Risk
17033.0,86,4,1332.79,3,4,4,344,11,Loyal Customers
17034.0,16,5,1276.42,5,4,4,544,13,Champions
17035.0,245,4,613.59,2,4,3,243,9,At Risk
17036.0,383,1,176.9,2,2,1,221,5,Hibernating
17037.0,87,1,1267.32,3,2,4,324,9,Others
17038.0,30,2,743.17,4,3,3,433,10,Potential Loyalists
17039.0,604,1,1954.99,1,2,4,124,7,Others
17040.0,137,2,463.25,3,3,2,332,8,Others
17041.0,26,6,1655.2,4,4,4,444,12,Champions
17042.0,2,5,1036.58,5,4,3,543,12,Loyal Customers
17043.0,32,8,2593.65,4,5,4,454,13,Champions
17044.0,25,12,11962.3,4,5,5,455,14,Champions
17045.0,113,5,827.6800000000001,3,4,3,343,10,Loyal Customers
17046.0,157,5,1906.07,3,4,4,344,11,Loyal Customers
17047.0,85,6,2289.23,3,4,4,344,11,Loyal Customers
17048.0,117,7,2071.68,3,4,4,344,11,Loyal Customers
17049.0,2,19,9942.53,5,5,5,555,15,Champions
17050.0,96,11,4648.59,3,5,5,355,13,Loyal Customers
17051.0,194,4,706.49,2,4,3,243,9,At Risk
17052.0,28,1,399.09,4,2,2,422,8,Potential Loyalists
17053.0,130,1,498.48,3,2,2,322,7,Others
17054.0,28,5,1356.33,4,4,4,444,12,Champions
17055.0,445,1,232.85,1,2,1,121,4,Hibernating
17056.0,738,1,128.60000000000002,1,2,1,121,4,Hibernating
17057.0,596,1,294.74,1,2,2,122,5,Hibernating
17058.0,81,3,1179.89,3,3,3,333,9,Others
17059.0,29,9,4864.57,4,5,5,455,14,Champions
17060.0,266,1,234.24,2,2,1,221,5,Hibernating
17061.0,73,11,5232.2300000000005,3,5,5,355,13,Loyal Customers
17062.0,313,6,889.75,2,4,3,243,9,At Risk
17063.0,21,13,3638.53,4,5,5,455,14,Champions
17064.0,58,3,855.45,4,3,3,433,10,Potential Loyalists
17065.0,637,2,194.7,1,3,1,131,5,Others
17066.0,726,1,228.34,1,2,1,121,4,Hibernating
17067.0,724,3,454.54,1,3,2,132,6,Others
17068.0,12,47,8987.68,5,5,5,555,15,Champions
17069.0,28,14,5517.2300000000005,4,5,5,455,14,Champions
17070.0,114,2,437.42,3,3,2,332,8,Others
17071.0,28,13,3793.71,4,5,5,455,14,Champions
17072.0,625,1,273.35,1,2,1,121,4,Hibernating
17073.0,17,4,1446.09,5,4,4,544,13,Champions
17074.0,562,1,203.05,1,2,1,121,4,Hibernating
17075.0,17,10,2236.63,5,5,4,554,14,Champions
17076.0,36,6,1242.75,4,4,4,444,12,Champions
17077.0,578,1,306.0,1,2,2,122,5,Hibernating
17078.0,36,2,378.2,4,3,2,432,9,Potential Loyalists
17079.0,78,1,118.80000000000001,3,2,1,321,6,Others
17080.0,22,7,957.53,4,4,3,443,11,Loyal Customers
17081.0,25,6,949.39,4,4,3,443,11,Loyal Customers
17082.0,33,6,4732.03,4,4,5,445,13,Champions
17083.0,109,9,4049.79,3,5,5,355,13,Loyal Customers
17084.0,35,3,5001.21,4,3,5,435,12,Potential Loyalists
17085.0,123,28,7847.67,3,5,5,355,13,Loyal Customers
17086.0,7,6,2050.08,5,4,4,544,13,Champions
17087.0,737,1,221.53,1,2,1,121,4,Hibernating
17088.0,28,4,1991.01,4,4,4,444,12,Champions
17089.0,386,1,128.45,2,2,1,221,5,Hibernating
17090.0,4,13,3080.1800000000003,5,5,5,555,15,Champions
17091.0,2,19,7495.75,5,5,5,555,15,Champions
17092.0,50,11,5511.41,4,5,5,455,14,Champions
17093.0,592,1,235.88,1,2,1,121,4,Hibernating
17094.0,322,2,402.20000000000005,2,3,2,232,7,Others
17095.0,22,7,2572.25,4,4,4,444,12,Champions
17096.0,15,11,3697.93,5,5,5,555,15,Champions
17097.0,2,9,1143.36,5,5,3,553,13,Loyal Customers
17098.0,381,3,591.0699999999999,2,3,2,232,7,Others
17099.0,533,1,582.17,1,2,2,122,5,Hibernating
17100.0,18,2,971.74,5,3,3,533,11,Potential Loyalists
17101.0,10,7,2507.05,5,4,4,544,13,Champions
17102.0,261,1,25.5,2,2,1,221,5,Hibernating
17103.0,722,1,424.3,1,2,2,122,5,Hibernating
17104.0,423,1,474.03,1,2,2,122,5,Hibernating
17105.0,159,2,665.78,3,3,3,333,9,Others
17106.0,389,1,481.58,2,2,2,222,6,Hibernating
17107.0,33,10,16052.72,4,5,5,455,14,Champions
17108.0,663,1,174.95,1,2,1,121,4,Hibernating
17109.0,29,8,1291.71,4,5,4,454,13,Champions
17110.0,165,3,499.9,3,3,2,332,8,Others
17111.0,47,2,459.58,4,3,2,432,9,Potential Loyalists
17112.0,502,1,197.57,1,2,1,121,4,Hibernating
17113.0,574,6,2305.59,1,4,4,144,9,At Risk
17114.0,5,8,801.12,5,5,3,553,13,Loyal Customers
17115.0,8,7,2761.4900000000002,5,4,4,544,13,Champions
17116.0,648,1,389.78,1,2,2,122,5,Hibernating
17117.0,288,1,116.19999999999999,2,2,1,221,5,Hibernating
17118.0,317,1,157.02,2,2,1,221,5,Hibernating
17119.0,3,2,606.91,5,3,2,532,10,Potential Loyalists
17120.0,233,1,307.46,2,2,2,222,6,Hibernating
17121.0,402,1,314.74,2,2,2,222,6,Hibernating
17122.0,119,4,570.5,3,4,2,342,9,Others
17123.0,161,3,977.17,3,3,3,333,9,Others
17124.0,185,1,294.24,3,2,2,322,7,Others
17125.0,50,1,230.5,4,2,1,421,7,Others
17126.0,152,9,2016.43,3,5,4,354,12,Loyal Customers
17127.0,428,5,1155.0300000000002,1,4,3,143,8,At Risk
17128.0,334,1,157.09,2,2,1,221,5,Hibernating
17129.0,520,1,31.85,1,2,1,121,4,Hibernating
17131.0,5,5,2463.17,5,4,4,544,13,Champions
17132.0,452,2,1220.9099999999999,1,3,4,134,8,At Risk
17133.0,15,12,14622.33,5,5,5,555,15,Champions
17134.0,106,3,625.3,3,3,3,333,9,Others
17135.0,16,10,1722.18,5,5,4,554,14,Champions
17136.0,662,1,231.68,1,2,1,121,4,Hibernating
17137.0,416,6,1099.81,1,4,3,143,8,At Risk
17138.0,275,7,4417.27,2,4,5,245,11,At Risk
17139.0,15,25,19566.76,5,5,5,555,15,Champions
17140.0,247,1,454.12,2,2,2,222,6,Hibernating
17141.0,418,4,727.58,1,4,3,143,8,At Risk
17142.0,239,4,1275.25,2,4,4,244,10,At Risk
17143.0,417,2,880.97,1,3,3,133,7,At Risk
17144.0,1,2,984.57,5,3,3,533,11,Potential Loyalists
17145.0,512,4,3120.91,1,4,5,145,10,At Risk
17146.0,105,13,5852.64,3,5,5,355,13,Loyal Customers
17147.0,22,9,3199.95,4,5,5,455,14,Champions
17148.0,51,1,124.88,4,2,1,421,7,Others
17149.0,451,1,143.10000000000002,1,2,1,121,4,Hibernating
17150.0,376,6,1357.95,2,4,4,244,10,At Risk
17151.0,735,1,231.90000000000003,1,2,1,121,4,Hibernating
17152.0,194,4,2016.5,2,4,4,244,10,At Risk
17153.0,24,1,213.78,4,2,1,421,7,Others
17154.0,75,1,329.34,3,2,2,322,7,Others
17155.0,17,7,892.46,5,4,3,543,12,Loyal Customers
17156.0,491,1,591.87,1,2,2,122,5,Hibernating
17157.0,7,19,5151.9,5,5,5,555,15,Champions
17158.0,32,5,1980.0,4,4,4,444,12,Champions
17159.0,21,5,2099.59,4,4,4,444,12,Champions
17160.0,31,17,10209.16,4,5,5,455,14,Champions
17161.0,444,1,856.01,1,2,3,123,6,Others
17162.0,28,10,1715.46,4,5,4,454,13,Champions
17163.0,21,4,699.78,4,4,3,443,11,Loyal Customers
17164.0,32,7,2467.35,4,4,4,444,12,Champions
17165.0,284,6,1794.32,2,4,4,244,10,At Risk
17166.0,38,2,206.34,4,3,1,431,8,Others
17167.0,379,3,867.11,2,3,3,233,8,At Risk
17168.0,498,1,400.2,1,2,2,122,5,Hibernating
17169.0,57,3,1156.73,4,3,3,433,10,Potential Loyalists
17170.0,374,2,178.68,2,3,1,231,6,Others
17171.0,289,2,384.59,2,3,2,232,7,Others
17172.0,78,3,956.5699999999999,3,3,3,333,9,Others
17173.0,5,8,3766.6,5,5,5,555,15,Champions
17174.0,217,1,59.9,2,2,1,221,5,Hibernating
17175.0,44,4,1443.69,4,4,4,444,12,Champions
17176.0,201,3,902.3199999999999,2,3,3,233,8,At Risk
17177.0,505,1,119.5,1,2,1,121,4,Hibernating
17178.0,731,1,432.96,1,2,2,122,5,Hibernating
17179.0,178,6,1507.26,3,4,4,344,11,Loyal Customers
17180.0,56,11,2236.77,4,5,4,454,13,Champions
17181.0,57,3,309.85,4,3,2,432,9,Potential Loyalists
17182.0,422,2,321.3,1,3,2,132,6,Others
17183.0,7,6,3347.31,5,4,5,545,14,Champions
17184.0,569,2,198.41000000000003,1,3,1,131,5,Others
17185.0,591,3,229.46,1,3,1,131,5,Others
17186.0,46,2,144.0,4,3,1,431,8,Others
17187.0,226,2,467.71,2,3,2,232,7,Others
17188.0,11,13,4592.93,5,5,5,555,15,Champions
17189.0,106,5,953.63,3,4,3,343,10,Loyal Customers
17190.0,58,7,1726.57,4,4,4,444,12,Champions
17191.0,28,15,4310.34,4,5,5,455,14,Champions
17192.0,536,1,75.28,1,2,1,121,4,Hibernating
17193.0,35,9,2310.04,4,5,4,454,13,Champions
17194.0,273,3,812.5,2,3,3,233,8,At Risk
17195.0,655,1,562.98,1,2,2,122,5,Hibernating
17196.0,427,1,327.75,1,2,2,122,5,Hibernating
17197.0,29,1,1013.01,4,2,3,423,9,Potential Loyalists
17198.0,23,3,692.22,4,3,3,433,10,Potential Loyalists
17199.0,582,1,135.04000000000002,1,2,1,121,4,Hibernating
17200.0,387,4,356.71,2,4,2,242,8,Others
17201.0,53,4,1143.1,4,4,3,443,11,Loyal Customers
17202.0,420,1,160.65,1,2,1,121,4,Hibernating
17203.0,35,10,5564.09,4,5,5,455,14,Champions
17204.0,175,9,5504.6900000000005,3,5,5,355,13,Loyal Customers
17205.0,53,3,999.35,4,3,3,433,10,Potential Loyalists
17206.0,53,1,204.24,4,2,1,421,7,Others
17207.0,652,1,292.62,1,2,2,122,5,Hibernating
17208.0,395,1,111.15,2,2,1,221,5,Hibernating
17209.0,649,3,595.7,1,3,2,132,6,Others
17210.0,392,1,251.72,2,2,1,221,5,Hibernating
17211.0,26,13,3773.35,4,5,5,455,14,Champions
17212.0,253,3,794.41,2,3,3,233,8,At Risk
17213.0,40,13,4869.400000000001,4,5,5,455,14,Champions
17214.0,60,6,1059.1200000000001,3,4,3,343,10,Loyal Customers
17215.0,464,1,186.15,1,2,1,121,4,Hibernating
17216.0,554,1,63.6,1,2,1,121,4,Hibernating
17217.0,234,2,210.1,2,3,1,231,6,Others
17218.0,4,18,3891.39,5,5,5,555,15,Champions
17219.0,31,2,259.13,4,3,1,431,8,Others
17220.0,24,21,4457.31,4,5,5,455,14,Champions
17221.0,7,5,976.62,5,4,3,543,12,Loyal Customers
17222.0,65,6,1579.51,3,4,4,344,11,Loyal Customers
17223.0,310,3,558.04,2,3,2,232,7,Others
17224.0,501,1,100.86,1,2,1,121,4,Hibernating
17225.0,581,1,131.15,1,2,1,121,4,Hibernating
17226.0,308,3,895.47,2,3,3,233,8,At Risk
17227.0,18,12,1878.93,5,5,4,554,14,Champions
17228.0,15,13,2820.03,5,5,4,554,14,Champions
17229.0,96,2,318.76,3,3,2,332,8,Others
17230.0,264,18,9388.49,2,5,5,255,12,At Risk
17231.0,12,25,7064.8,5,5,5,555,15,Champions
17232.0,2,2,417.77,5,3,2,532,10,Potential Loyalists
17233.0,35,3,560.86,4,3,2,432,9,Potential Loyalists
17234.0,182,1,149.89000000000001,3,2,1,321,6,Others
17235.0,25,8,1562.98,4,5,4,454,13,Champions
17236.0,12,12,1929.26,5,5,4,554,14,Champions
17237.0,11,4,994.13,5,4,3,543,12,Loyal Customers
17238.0,2,32,7331.67,5,5,5,555,15,Champions
17239.0,312,4,1189.45,2,4,3,243,9,At Risk
17240.0,596,1,130.6,1,2,1,121,4,Hibernating
17241.0,385,12,2736.64,2,5,4,254,11,At Risk
17242.0,108,5,2889.28,3,4,4,344,11,Loyal Customers
17243.0,1,69,20203.58,5,5,5,555,15,Champions
17244.0,53,5,1826.04,4,4,4,444,12,Champions
17245.0,204,2,371.63,2,3,2,232,7,Others
17246.0,546,2,38.92,1,3,1,131,5,Others
17247.0,15,1,280.09000000000003,5,2,1,521,8,Others
17248.0,120,2,500.54,3,3,2,332,8,Others
17249.0,428,1,68.03,1,2,1,121,4,Hibernating
17250.0,3,2,381.97,5,3,2,532,10,Potential Loyalists
17251.0,362,3,798.98,2,3,3,233,8,At Risk
17252.0,116,2,348.91,3,3,2,332,8,Others
17253.0,18,1,178.26,5,2,1,521,8,Others
17254.0,4,3,469.48,5,3,2,532,10,Potential Loyalists
17255.0,40,4,781.7,4,4,3,443,11,Loyal Customers
17256.0,107,5,498.93,3,4,2,342,9,Others
17257.0,436,2,189.78,1,3,1,131,5,Others
17258.0,396,2,417.3,2,3,2,232,7,Others
17259.0,148,6,1452.39,3,4,4,344,11,Loyal Customers
17260.0,411,1,120.95,1,2,1,121,4,Hibernating
17261.0,509,1,221.59,1,2,1,121,4,Hibernating
17262.0,52,11,2488.76,4,5,4,454,13,Champions
17263.0,208,1,63.440000000000005,2,2,1,221,5,Hibernating
17264.0,424,1,268.28,1,2,1,121,4,Hibernating
17265.0,138,2,550.01,3,3,2,332,8,Others
17266.0,2,5,501.71999999999997,5,4,2,542,11,Others
17267.0,127,2,317.2,3,3,2,332,8,Others
17268.0,107,11,1733.8899999999999,3,5,4,354,12,Loyal Customers
17269.0,385,1,491.81,2,2,2,222,6,Hibernating
17270.0,469,2,601.4499999999999,1,3,2,132,6,Others
17271.0,736,1,204.3,1,2,1,121,4,Hibernating
17272.0,42,4,2148.63,4,4,4,444,12,Champions
17273.0,424,1,141.12,1,2,1,121,4,Hibernating
17274.0,35,2,573.22,4,3,2,432,9,Potential Loyalists
17275.0,383,1,114.1,2,2,1,221,5,Hibernating
17276.0,402,1,502.49,2,2,2,222,6,Hibernating
17277.0,227,2,1065.3500000000001,2,3,3,233,8,At Risk
17278.0,241,2,271.24,2,3,1,231,6,Others
17279.0,57,1,187.82999999999998,4,2,1,421,7,Others
17280.0,438,1,118.85999999999999,1,2,1,121,4,Hibernating
17281.0,374,6,797.8499999999999,2,4,3,243,9,At Risk
17282.0,130,5,2308.54,3,4,4,344,11,Loyal Customers
17283.0,378,1,188.46,2,2,1,221,5,Hibernating
17284.0,60,8,2788.06,3,5,4,354,12,Loyal Customers
17285.0,628,2,407.94,1,3,2,132,6,Others
17286.0,21,3,389.18,4,3,2,432,9,Potential Loyalists
17287.0,26,21,3826.86,4,5,5,455,14,Champions
17288.0,9,11,2468.43,5,5,4,554,14,Champions
17289.0,31,9,2041.8,4,5,4,454,13,Champions
17290.0,3,8,1487.96,5,5,4,554,14,Champions
17291.0,308,1,550.8000000000001,2,2,2,222,6,Hibernating
17292.0,472,2,271.75,1,3,1,131,5,Others
17293.0,8,17,3750.63,5,5,5,555,15,Champions
17294.0,669,2,467.78999999999996,1,3,2,132,6,Others
17295.0,28,3,547.0,4,3,2,432,9,Potential Loyalists
17296.0,730,1,338.13,1,2,2,122,5,Hibernating
17297.0,17,1,128.18,5,2,1,521,8,Others
17298.0,101,5,954.26,3,4,3,343,10,Loyal Customers
17299.0,11,6,993.23,5,4,3,543,12,Loyal Customers
17300.0,390,2,393.64,2,3,2,232,7,Others
17301.0,21,2,294.39,4,3,2,432,9,Potential Loyalists
17302.0,14,5,1135.63,5,4,3,543,12,Loyal Customers
17303.0,361,1,250.04,2,2,1,221,5,Hibernating
17304.0,534,1,111.5,1,2,1,121,4,Hibernating
17305.0,648,1,2135.46,1,2,4,124,7,Others
17306.0,10,21,9782.35,5,5,5,555,15,Champions
17307.0,395,11,3999.8900000000003,2,5,5,255,12,At Risk
17308.0,393,2,4511.76,2,3,5,235,10,At Risk
17309.0,95,3,320.39,3,3,2,332,8,Others
17310.0,387,2,1025.1,2,3,3,233,8,At Risk
17311.0,78,6,3566.56,3,4,5,345,12,Loyal Customers
17312.0,138,3,644.3,3,3,3,333,9,Others
17313.0,31,1,2328.84,4,2,4,424,10,Potential Loyalists
17314.0,24,17,4904.43,4,5,5,455,14,Champions
17315.0,1,43,9599.58,5,5,5,555,15,Champions
17316.0,420,1,124.45,1,2,1,121,4,Hibernating
17317.0,46,3,2600.34,4,3,4,434,11,Potential Loyalists
17318.0,725,1,157.32999999999998,1,2,1,121,4,Hibernating
17319.0,669,1,29.1,1,2,1,121,4,Hibernating
17320.0,100,6,2444.85,3,4,4,344,11,Loyal Customers
17321.0,8,6,1665.21,5,4,4,544,13,Champions
17322.0,376,5,922.59,2,4,3,243,9,At Risk
17323.0,15,12,1551.04,5,5,4,554,14,Champions
17324.0,17,12,2171.07,5,5,4,554,14,Champions
17325.0,280,3,609.5699999999999,2,3,3,233,8,At Risk
17326.0,408,2,312.35,2,3,2,232,7,Others
17327.0,409,2,152.35,2,3,1,231,6,Others
17328.0,673,1,104.7,1,2,1,121,4,Hibernating
17329.0,14,5,998.53,5,4,3,543,12,Loyal Customers
17330.0,22,4,423.8,4,4,2,442,10,Others
17331.0,123,1,175.2,3,2,1,321,6,Others
17332.0,528,5,838.27,1,4,3,143,8,At Risk
17333.0,85,1,494.25,3,2,2,322,7,Others
17334.0,302,3,635.15,2,3,3,233,8,At Risk
17335.0,383,2,497.04,2,3,2,232,7,Others
17336.0,472,1,81.12,1,2,1,121,4,Hibernating
17337.0,151,4,1981.06,3,4,4,344,11,Loyal Customers
17338.0,17,17,11889.33,5,5,5,555,15,Champions
17339.0,94,3,302.36,3,3,2,332,8,Others
17340.0,29,18,19617.95,4,5,5,455,14,Champions
17341.0,156,5,1272.21,3,4,4,344,11,Loyal Customers
17342.0,379,4,1227.54,2,4,4,244,10,At Risk
17343.0,355,6,1259.94,2,4,4,244,10,At Risk
17344.0,46,2,457.36,4,3,2,432,9,Potential Loyalists
17345.0,15,10,1586.6299999999999,5,5,4,554,14,Champions
17346.0,3,26,4998.61,5,5,5,555,15,Champions
17347.0,86,1,228.96,3,2,1,321,6,Others
17348.0,14,9,2442.29,5,5,4,554,14,Champions
17349.0,179,5,772.41,3,4,3,343,10,Loyal Customers
17350.0,8,7,1893.701,5,4,4,544,13,Champions
17351.0,36,12,1988.23,4,5,4,454,13,Champions
17352.0,696,1,36.25,1,2,1,121,4,Hibernating
17353.0,129,4,3242.0,3,4,5,345,12,Loyal Customers
17354.0,50,4,3133.96,4,4,5,445,13,Champions
17355.0,386,1,273.31,2,2,1,221,5,Hibernating
17356.0,311,5,946.47,2,4,3,243,9,At Risk
17357.0,24,2,384.39,4,3,2,432,9,Potential Loyalists
17358.0,303,5,861.01,2,4,3,243,9,At Risk
17359.0,11,2,284.46,5,3,1,531,9,Others
17360.0,17,6,1200.51,5,4,3,543,12,Loyal Customers
17361.0,49,5,871.79,4,4,3,443,11,Loyal Customers
17362.0,239,7,1024.04,2,4,3,243,9,At Risk
17363.0,395,3,920.46,2,3,3,233,8,At Risk
17364.0,0,28,11972.92,5,5,5,555,15,Champions
17365.0,12,15,8184.49,5,5,5,555,15,Champions
17366.0,432,2,1077.24,1,3,3,133,7,At Risk
17367.0,238,1,167.55,2,2,1,221,5,Hibernating
17368.0,23,14,2758.29,4,5,4,454,13,Champions
17369.0,455,1,979.1999999999999,1,2,3,123,6,Others
17370.0,72,4,446.18,3,4,2,342,9,Others
17371.0,17,6,655.37,5,4,3,543,12,Loyal Customers
17372.0,40,28,4347.31,4,5,5,455,14,Champions
17373.0,40,7,1167.5,4,4,3,443,11,Loyal Customers
17374.0,218,3,727.11,2,3,3,233,8,At Risk
17375.0,199,4,660.55,2,4,3,243,9,At Risk
17376.0,70,4,453.64,3,4,2,342,9,Others
17377.0,23,78,17644.27,4,5,5,455,14,Champions
17378.0,374,1,10.95,2,2,1,221,5,Hibernating
17379.0,11,1,389.71999999999997,5,2,2,522,9,Potential Loyalists
17380.0,434,3,645.0,1,3,3,133,7,At Risk
17381.0,8,38,36398.65,5,5,5,555,15,Champions
17382.0,65,8,902.28,3,5,3,353,11,Loyal Customers
17383.0,4,2,304.09,5,3,2,532,10,Potential Loyalists
17384.0,19,3,507.55,5,3,2,532,10,Potential Loyalists
17385.0,14,1,256.11,5,2,1,521,8,Others
17386.0,7,7,2812.77,5,4,4,544,13,Champions
17387.0,19,2,746.81,5,3,3,533,11,Potential Loyalists
17388.0,77,11,2675.37,3,5,4,354,12,Loyal Customers
17389.0,0,61,57215.33,5,5,5,555,15,Champions
17390.0,420,1,149.3,1,2,1,121,4,Hibernating
17391.0,163,2,508.8,3,3,2,332,8,Others
17392.0,306,3,585.92,2,3,2,232,7,Others
17393.0,410,2,381.15,2,3,2,232,7,Others
17394.0,219,1,203.86999999999998,2,2,1,221,5,Hibernating
17395.0,508,1,97.5,1,2,1,121,4,Hibernating
17396.0,39,14,8409.6,4,5,5,455,14,Champions
17397.0,22,3,1198.28,4,3,3,433,10,Potential Loyalists
17398.0,114,3,653.38,3,3,3,333,9,Others
17400.0,126,8,4623.28,3,5,5,355,13,Loyal Customers
17401.0,541,1,114.85,1,2,1,121,4,Hibernating
17402.0,4,23,4635.5599999999995,5,5,5,555,15,Champions
17403.0,36,2,382.87,4,3,2,432,9,Potential Loyalists
17404.0,4,23,47781.12,5,5,5,555,15,Champions
17405.0,1,3,1031.41,5,3,3,533,11,Potential Loyalists
17406.0,333,13,4186.95,2,5,5,255,12,At Risk
17407.0,411,1,552.9,1,2,2,122,5,Hibernating
17408.0,163,3,316.09000000000003,3,3,2,332,8,Others
17409.0,184,10,7793.51,3,5,5,355,13,Loyal Customers
17410.0,16,5,1214.72,5,4,3,543,12,Loyal Customers
17411.0,12,5,1425.38,5,4,4,544,13,Champions
17412.0,2,16,4220.22,5,5,5,555,15,Champions
17413.0,404,2,560.14,2,3,2,232,7,Others
17414.0,43,6,2249.52,4,4,4,444,12,Champions
17415.0,79,1,507.84,3,2,2,322,7,Others
17416.0,29,22,17298.45,4,5,5,455,14,Champions
17417.0,548,1,164.18,1,2,1,121,4,Hibernating
17418.0,42,3,670.0600000000001,4,3,3,433,10,Potential Loyalists
17419.0,11,18,6126.25,5,5,5,555,15,Champions
17420.0,50,6,953.58,4,4,3,443,11,Loyal Customers
17421.0,386,3,1059.41,2,3,3,233,8,At Risk
17422.0,16,11,3594.76,5,5,5,555,15,Champions
17423.0,46,3,1118.95,4,3,3,433,10,Potential Loyalists
17425.0,19,2,759.17,5,3,3,533,11,Potential Loyalists
17426.0,8,13,8077.77,5,5,5,555,15,Champions
17427.0,71,1,100.8,3,2,1,321,6,Others
17428.0,0,45,31466.760000000002,5,5,5,555,15,Champions
17429.0,128,5,1357.46,3,4,4,344,11,Loyal Customers
17430.0,32,4,622.57,4,4,3,443,11,Loyal Customers
17431.0,313,1,403.3,2,2,2,222,6,Hibernating
17432.0,18,9,1728.99,5,5,4,554,14,Champions
17433.0,88,2,569.96,3,3,2,332,8,Others
17434.0,2,7,2373.82,5,4,4,544,13,Champions
17435.0,411,1,331.35,1,2,2,122,5,Hibernating
17436.0,1,5,534.06,5,4,2,542,11,Others
17437.0,529,1,369.68,1,2,2,122,5,Hibernating
17438.0,253,5,1422.77,2,4,4,244,10,At Risk
17439.0,655,1,325.74,1,2,2,122,5,Hibernating
17440.0,156,4,323.58,3,4,2,342,9,Others
17441.0,732,1,293.35,1,2,2,122,5,Hibernating
17442.0,36,15,4620.3,4,5,5,455,14,Champions
17443.0,219,1,534.24,2,2,2,222,6,Hibernating
17444.0,147,3,2940.04,3,3,5,335,11,Others
17446.0,176,2,120.9,3,3,1,331,7,Others
17447.0,40,2,541.53,4,3,2,432,9,Potential Loyalists
17448.0,497,46,14523.67,1,5,5,155,11,At Risk
17449.0,2,13,4868.15,5,5,5,555,15,Champions
17450.0,8,51,244784.25,5,5,5,555,15,Champions
17451.0,1,7,1721.4,5,4,4,544,13,Champions
17453.0,17,2,486.71999999999997,5,3,2,532,10,Potential Loyalists
17454.0,192,10,1547.94,2,5,4,254,11,At Risk
17455.0,203,1,131.7,2,2,1,221,5,Hibernating
17456.0,365,2,975.5600000000001,2,3,3,233,8,At Risk
17457.0,126,14,5984.8099999999995,3,5,5,355,13,Loyal Customers
17458.0,15,2,529.58,5,3,2,532,10,Potential Loyalists
17459.0,43,2,657.3,4,3,3,433,10,Potential Loyalists
17460.0,94,16,2157.9700000000003,3,5,4,354,12,Loyal Customers
17461.0,22,3,735.82,4,3,3,433,10,Potential Loyalists
17462.0,60,2,675.69,3,3,3,333,9,Others
17463.0,16,7,2535.26,5,4,4,544,13,Champions
17464.0,158,3,907.14,3,3,3,333,9,Others
17465.0,425,7,2542.79,1,4,4,144,9,At Risk
17466.0,10,2,763.28,5,3,3,533,11,Potential Loyalists
17467.0,395,1,102.6,2,2,1,221,5,Hibernating
17468.0,10,3,194.8,5,3,1,531,9,Others
17469.0,16,17,5051.25,5,5,5,555,15,Champions
17470.0,44,11,2626.47,4,5,4,454,13,Champions
17471.0,474,1,321.65000000000003,1,2,2,122,5,Hibernating
17472.0,191,4,922.35,2,4,3,243,9,At Risk
17473.0,408,2,607.0,2,3,2,232,7,Others
17474.0,599,1,1047.0,1,2,3,123,6,Others
17475.0,79,1,194.37,3,2,1,321,6,Others
17476.0,395,2,489.86,2,3,2,232,7,Others
17477.0,612,2,1144.3,1,3,3,133,7,At Risk
17478.0,408,2,1272.8,2,3,4,234,9,At Risk
17479.0,632,1,389.26000000000005,1,2,2,122,5,Hibernating
17480.0,77,2,882.23,3,3,3,333,9,Others
17481.0,3,4,1255.59,5,4,4,544,13,Champions
17482.0,487,2,775.64,1,3,3,133,7,At Risk
17483.0,65,4,591.73,3,4,2,342,9,Others
17484.0,576,2,209.57,1,3,1,131,5,Others
17486.0,261,1,396.87,2,2,2,222,6,Hibernating
17487.0,728,1,160.55,1,2,1,121,4,Hibernating
17488.0,641,1,336.5,1,2,2,122,5,Hibernating
17489.0,58,2,376.64,4,3,2,432,9,Potential Loyalists
17490.0,0,9,2750.5,5,5,4,554,14,Champions
17491.0,1,17,5653.67,5,5,5,555,15,Champions
17492.0,248,3,1122.42,2,3,3,233,8,At Risk
17493.0,385,1,100.91000000000001,2,2,1,221,5,Hibernating
17494.0,501,1,54.699999999999996,1,2,1,121,4,Hibernating
17495.0,7,3,806.72,5,3,3,533,11,Potential Loyalists
17496.0,358,4,1412.89,2,4,4,244,10,At Risk
17497.0,390,2,287.25,2,3,2,232,7,Others
17498.0,75,1,272.22,3,2,1,321,6,Others
17499.0,289,2,1341.39,2,3,4,234,9,At Risk
17500.0,17,3,1138.0,5,3,3,533,11,Potential Loyalists
17501.0,220,2,288.6,2,3,2,232,7,Others
17502.0,9,4,689.1,5,4,3,543,12,Loyal Customers
17503.0,2,2,558.96,5,3,2,532,10,Potential Loyalists
17504.0,206,18,9490.17,2,5,5,255,12,At Risk
17505.0,161,5,2435.48,3,4,4,344,11,Loyal Customers
17506.0,75,1,302.2,3,2,2,322,7,Others
17507.0,261,2,605.58,2,3,2,232,7,Others
17508.0,280,8,4579.23,2,5,5,255,12,At Risk
17509.0,57,8,6083.64,4,5,5,455,14,Champions
17510.0,24,2,514.56,4,3,2,432,9,Potential Loyalists
17511.0,2,60,172132.87,5,5,5,555,15,Champions
17512.0,28,18,5467.820000000001,4,5,5,455,14,Champions
17513.0,72,3,1158.8,3,3,3,333,9,Others
17514.0,128,2,522.0,3,3,2,332,8,Others
17515.0,31,9,1602.51,4,5,4,454,13,Champions
17516.0,15,6,947.5,5,4,3,543,12,Loyal Customers
17517.0,308,1,153.94,2,2,1,221,5,Hibernating
17518.0,425,2,329.42,1,3,2,132,6,Others
17519.0,17,15,4774.17,5,5,5,555,15,Champions
17520.0,53,1,546.81,4,2,2,422,8,Potential Loyalists
17521.0,29,5,1278.06,4,4,4,444,12,Champions
17522.0,1,5,1070.71,5,4,3,543,12,Loyal Customers
17523.0,11,4,652.74,5,4,3,543,12,Loyal Customers
17524.0,361,3,539.14,2,3,2,232,7,Others
17525.0,359,3,1161.9,2,3,3,233,8,At Risk
17526.0,4,12,3939.24,5,5,5,555,15,Champions
17527.0,53,4,939.37,4,4,3,443,11,Loyal Customers
17528.0,1,8,3628.5,5,5,5,555,15,Champions
17529.0,610,2,1240.25,1,3,4,134,8,At Risk
17530.0,1,12,2791.69,5,5,4,554,14,Champions
17531.0,190,3,1266.82,2,3,4,234,9,At Risk
17532.0,385,1,65.34,2,2,1,221,5,Hibernating
17533.0,434,1,34.8,1,2,1,121,4,Hibernating
17534.0,53,5,1668.83,4,4,4,444,12,Champions
17535.0,280,1,164.4,2,2,1,221,5,Hibernating
17536.0,177,3,364.83,3,3,2,332,8,Others
17537.0,29,2,887.67,4,3,3,433,10,Potential Loyalists
17538.0,25,1,98.42,4,2,1,421,7,Others
17539.0,617,4,1176.84,1,4,3,143,8,At Risk
17540.0,24,6,1590.6000000000001,4,4,4,444,12,Champions
17541.0,509,1,119.86,1,2,1,121,4,Hibernating
17542.0,269,3,340.85,2,3,2,232,7,Others
17543.0,549,1,120.05,1,2,1,121,4,Hibernating
17544.0,390,3,944.82,2,3,3,233,8,At Risk
17545.0,43,6,1409.8600000000001,4,4,4,444,12,Champions
17547.0,375,2,727.85,2,3,3,233,8,At Risk
17548.0,233,4,731.26,2,4,3,243,9,At Risk
17549.0,23,2,148.86,4,3,1,431,8,Others
17550.0,197,9,2506.64,2,5,4,254,11,At Risk
17551.0,359,1,290.34,2,2,2,222,6,Hibernating
17552.0,60,12,2786.77,3,5,4,354,12,Loyal Customers
17553.0,129,4,3757.6,3,4,5,345,12,Loyal Customers
17554.0,1,5,1952.45,5,4,4,544,13,Champions
17555.0,19,5,1045.74,5,4,3,543,12,Loyal Customers
17556.0,205,2,300.67,2,3,2,232,7,Others
17557.0,14,4,575.46,5,4,2,542,11,Others
17558.0,393,1,259.17,2,2,1,221,5,Hibernating
17559.0,512,1,167.62,1,2,1,121,4,Hibernating
17560.0,94,8,1895.8,3,5,4,354,12,Loyal Customers
17561.0,19,4,703.02,5,4,3,543,12,Loyal Customers
17562.0,14,7,1122.38,5,4,3,543,12,Loyal Customers
17563.0,578,2,392.38,1,3,2,132,6,Others
17564.0,24,3,454.01,4,3,2,432,9,Potential Loyalists
17565.0,586,1,131.83,1,2,1,121,4,Hibernating
17566.0,8,2,869.77,5,3,3,533,11,Potential Loyalists
17567.0,7,9,4838.08,5,5,5,555,15,Champions
17568.0,633,1,374.45,1,2,2,122,5,Hibernating
17569.0,332,1,344.14,2,2,2,222,6,Hibernating
17570.0,381,1,100.0,2,2,1,221,5,Hibernating
17571.0,50,5,1630.91,4,4,4,444,12,Champions
17572.0,71,10,652.21,3,5,3,353,11,Loyal Customers
17573.0,29,3,380.6,4,3,2,432,9,Potential Loyalists
17574.0,242,1,185.65,2,2,1,221,5,Hibernating
17575.0,667,1,171.7,1,2,1,121,4,Hibernating
17576.0,8,41,8711.95,5,5,5,555,15,Champions
17577.0,645,2,348.75,1,3,2,132,6,Others
17578.0,218,7,1047.33,2,4,3,243,9,At Risk
17579.0,4,4,753.28,5,4,3,543,12,Loyal Customers
17580.0,252,5,541.02,2,4,2,242,8,Others
17581.0,0,43,17951.17,5,5,5,555,15,Champions
17582.0,236,5,1446.95,2,4,4,244,10,At Risk
17583.0,560,1,135.95,1,2,1,121,4,Hibernating
17584.0,7,6,5309.42,5,4,5,545,14,Champions
17585.0,109,7,2064.71,3,4,4,344,11,Loyal Customers
17586.0,619,1,167.4,1,2,1,121,4,Hibernating
17587.0,628,1,176.71,1,2,1,121,4,Hibernating
17588.0,100,7,2939.55,3,4,5,345,12,Loyal Customers
17589.0,60,18,13837.94,3,5,5,355,13,Loyal Customers
17590.0,2,3,1468.02,5,3,4,534,12,Potential Loyalists
17591.0,73,8,2339.32,3,5,4,354,12,Loyal Customers
17592.0,738,1,148.3,1,2,1,121,4,Hibernating
17593.0,3,11,8092.32,5,5,5,555,15,Champions
17594.0,85,4,2497.88,3,4,4,344,11,Loyal Customers
17595.0,12,2,386.69,5,3,2,532,10,Potential Loyalists
17596.0,23,13,4491.46,4,5,5,455,14,Champions
17597.0,213,5,3484.09,2,4,5,245,11,At Risk
17598.0,381,1,409.98,2,2,2,222,6,Hibernating
17599.0,477,1,52.05,1,2,1,121,4,Hibernating
17600.0,17,1,161.67000000000002,5,2,1,521,8,Others
17601.0,239,2,413.08,2,3,2,232,7,Others
17602.0,2,14,7354.43,5,5,5,555,15,Champions
17603.0,78,4,1788.38,3,4,4,344,11,Loyal Customers
17604.0,217,6,942.38,2,4,3,243,9,At Risk
17605.0,590,1,160.75,1,2,1,121,4,Hibernating
17606.0,737,1,87.30000000000001,1,2,1,121,4,Hibernating
17607.0,376,1,333.81,2,2,2,222,6,Hibernating
17608.0,33,4,488.06,4,4,2,442,10,Others
17609.0,40,11,1887.8999999999999,4,5,4,454,13,Champions
17610.0,540,5,1511.94,1,4,4,144,9,At Risk
17611.0,7,28,8337.53,5,5,5,555,15,Champions
17612.0,53,18,5394.86,4,5,5,455,14,Champions
17613.0,22,14,4544.55,4,5,5,455,14,Champions
17614.0,57,1,386.32,4,2,2,422,8,Potential Loyalists
17615.0,130,6,721.8,3,4,3,343,10,Loyal Customers
17616.0,173,4,734.4,3,4,3,343,10,Loyal Customers
17617.0,558,1,385.19,1,2,2,122,5,Hibernating
17618.0,5,11,4001.64,5,5,5,555,15,Champions
17619.0,312,1,214.37,2,2,1,221,5,Hibernating
17620.0,59,1,81.44,3,2,1,321,6,Others
17621.0,21,6,3175.12,4,4,5,445,13,Champions
17622.0,597,2,1130.21,1,3,3,133,7,At Risk
17623.0,32,7,2365.77,4,4,4,444,12,Champions
17624.0,14,4,1568.63,5,4,4,544,13,Champions
17625.0,18,8,5978.9,5,5,5,555,15,Champions
17626.0,602,1,254.0,1,2,1,121,4,Hibernating
17627.0,478,1,296.36,1,2,2,122,5,Hibernating
17628.0,81,1,75.75,3,2,1,321,6,Others
17629.0,5,10,2455.52,5,5,4,554,14,Champions
17630.0,169,2,503.59999999999997,3,3,2,332,8,Others
17631.0,1,7,998.49,5,4,3,543,12,Loyal Customers
17633.0,31,7,2057.39,4,4,4,444,12,Champions
17634.0,36,9,2358.59,4,5,4,454,13,Champions
17635.0,424,3,1265.58,1,3,4,134,8,At Risk
17636.0,19,1,285.56,5,2,1,521,8,Others
17637.0,31,2,547.0600000000001,4,3,2,432,9,Potential Loyalists
17638.0,647,2,842.4,1,3,3,133,7,At Risk
17639.0,276,6,615.17,2,4,3,243,9,At Risk
17640.0,86,6,3168.94,3,4,5,345,12,Loyal Customers
17642.0,119,5,1824.49,3,4,4,344,11,Loyal Customers
17643.0,373,2,439.7,2,3,2,232,7,Others
17644.0,1,20,6028.6,5,5,5,555,15,Champions
17646.0,219,12,3898.79,2,5,5,255,12,At Risk
17647.0,65,3,331.65999999999997,3,3,2,332,8,Others
17648.0,60,5,2216.37,3,4,4,344,11,Loyal Customers
17649.0,138,3,1578.89,3,3,4,334,10,Others
17650.0,21,1,166.08,4,2,1,421,7,Others
17651.0,11,16,5703.52,5,5,5,555,15,Champions
17652.0,25,12,4867.72,4,5,5,455,14,Champions
17653.0,36,4,1207.56,4,4,3,443,11,Loyal Customers
17654.0,277,1,117.55,2,2,1,221,5,Hibernating
17655.0,10,9,2976.38,5,5,5,555,15,Champions
17656.0,73,5,1674.69,3,4,4,344,11,Loyal Customers
17657.0,430,1,126.0,1,2,1,121,4,Hibernating
17658.0,25,2,595.42,4,3,2,432,9,Potential Loyalists
17659.0,17,14,3586.9900000000002,5,5,5,555,15,Champions
17660.0,141,2,342.22,3,3,2,332,8,Others
17662.0,661,2,412.92,1,3,2,132,6,Others
17663.0,25,17,5175.83,4,5,5,455,14,Champions
17664.0,18,4,1166.23,5,4,3,543,12,Loyal Customers
17665.0,493,1,563.1,1,2,2,122,5,Hibernating
17666.0,3,5,2047.8,5,4,4,544,13,Champions
17667.0,66,9,3950.7,3,5,5,355,13,Loyal Customers
17668.0,1,2,347.75,5,3,2,532,10,Potential Loyalists
17669.0,42,10,6142.35,4,5,5,455,14,Champions
17670.0,227,1,205.7,2,2,1,221,5,Hibernating
17671.0,15,5,2009.16,5,4,4,544,13,Champions
17672.0,50,7,5778.63,4,4,5,445,13,Champions
17673.0,1,13,4173.88,5,5,5,555,15,Champions
17674.0,74,2,551.04,3,3,2,332,8,Others
17675.0,1,70,37642.48,5,5,5,555,15,Champions
17676.0,4,10,2448.64,5,5,4,554,14,Champions
17677.0,1,54,35058.46,5,5,5,555,15,Champions
17678.0,263,2,599.76,2,3,2,232,7,Others
17679.0,52,7,3577.61,4,4,5,445,13,Champions
17680.0,23,3,497.45,4,3,2,432,9,Potential Loyalists
17681.0,597,5,731.2,1,4,3,143,8,At Risk
17682.0,10,11,4065.28,5,5,5,555,15,Champions
17683.0,385,3,819.01,2,3,3,233,8,At Risk
17684.0,43,1,239.41,4,2,1,421,7,Others
17685.0,16,12,5454.95,5,5,5,555,15,Champions
17686.0,7,9,8296.81,5,5,5,555,15,Champions
17687.0,420,1,432.68,1,2,2,122,5,Hibernating
17688.0,393,1,304.2,2,2,2,222,6,Hibernating
17689.0,388,2,317.08,2,3,2,232,7,Others
17690.0,30,20,6963.8,4,5,5,455,14,Champions
17691.0,358,4,637.5500000000001,2,4,3,243,9,At Risk
17692.0,127,12,2975.8,3,5,5,355,13,Loyal Customers
17693.0,137,1,200.47,3,2,1,321,6,Others
17694.0,141,3,1695.97,3,3,4,334,10,Others
17695.0,131,5,1746.04,3,4,4,344,11,Loyal Customers
17696.0,38,27,7679.59,4,5,5,455,14,Champions
17697.0,236,1,338.95,2,2,2,222,6,Hibernating
17698.0,260,1,154.95,2,2,1,221,5,Hibernating
17699.0,476,2,442.0,1,3,2,132,6,Others
17700.0,16,14,6679.97,5,5,5,555,15,Champions
17701.0,252,1,417.95,2,2,2,222,6,Hibernating
17702.0,30,6,3144.04,4,4,5,445,13,Champions
17703.0,35,4,1094.84,4,4,3,443,11,Loyal Customers
17704.0,168,2,885.19,3,3,3,333,9,Others
17705.0,3,11,2083.9,5,5,4,554,14,Champions
17706.0,4,31,20272.15,5,5,5,555,15,Champions
17707.0,185,8,609.3000000000001,3,5,3,353,11,Loyal Customers
17708.0,187,4,884.1800000000001,3,4,3,343,10,Loyal Customers
17709.0,169,5,671.01,3,4,3,343,10,Loyal Customers
17710.0,423,1,293.5,1,2,2,122,5,Hibernating
17711.0,10,2,385.1,5,3,2,532,10,Potential Loyalists
17712.0,44,1,522.91,4,2,2,422,8,Potential Loyalists
17713.0,382,4,1198.09,2,4,3,243,9,At Risk
17714.0,320,5,1410.18,2,4,4,244,10,At Risk
17715.0,200,2,489.59999999999997,2,3,2,232,7,Others
17716.0,22,24,15956.97,4,5,5,455,14,Champions
17717.0,421,1,376.92,1,2,2,122,5,Hibernating
17718.0,232,2,439.18,2,3,2,232,7,Others
17719.0,37,15,5396.04,4,5,5,455,14,Champions
17720.0,26,10,2666.91,4,5,4,454,13,Champions
17721.0,659,1,307.21000000000004,1,2,2,122,5,Hibernating
17722.0,96,5,3520.2200000000003,3,4,5,345,12,Loyal Customers
17723.0,127,7,3378.4000000000005,3,4,5,345,12,Loyal Customers
17724.0,71,3,1033.0,3,3,3,333,9,Others
17725.0,16,11,3439.08,5,5,5,555,15,Champions
17726.0,395,7,1092.06,2,4,3,243,9,At Risk
17727.0,15,1,1060.25,5,2,3,523,10,Potential Loyalists
17728.0,3,5,4238.76,5,4,5,545,14,Champions
17729.0,596,1,438.65000000000003,1,2,2,122,5,Hibernating
17730.0,3,20,7773.8,5,5,5,555,15,Champions
17731.0,79,6,1708.99,3,4,4,344,11,Loyal Customers
17732.0,372,8,2166.42,2,5,4,254,11,At Risk
17733.0,38,2,692.19,4,3,3,433,10,Potential Loyalists
17734.0,53,6,1442.32,4,4,4,444,12,Champions
17735.0,2,26,16790.33,5,5,5,555,15,Champions
17736.0,9,3,377.44,5,3,2,532,10,Potential Loyalists
17737.0,9,2,168.24,5,3,1,531,9,Others
17738.0,19,13,4183.56,5,5,5,555,15,Champions
17739.0,11,18,7730.59,5,5,5,555,15,Champions
17740.0,389,6,426.9,2,4,2,242,8,Others
17741.0,406,2,101.1,2,3,1,231,6,Others
17742.0,113,11,2098.48,3,5,4,354,12,Loyal Customers
17743.0,448,1,229.2,1,2,1,121,4,Hibernating
17744.0,3,7,2649.14,5,4,4,544,13,Champions
17745.0,477,2,600.34,1,3,2,132,6,Others
17746.0,240,4,904.1800000000001,2,4,3,243,9,At Risk
17747.0,112,1,71.4,3,2,1,321,6,Others
17748.0,527,1,358.15,1,2,2,122,5,Hibernating
17749.0,178,3,1026.18,3,3,3,333,9,Others
17750.0,5,9,1710.45,5,5,4,554,14,Champions
17751.0,421,1,157.85999999999999,1,2,1,121,4,Hibernating
17752.0,359,1,80.64,2,2,1,221,5,Hibernating
17753.0,464,4,382.06,1,4,2,142,7,Others
17754.0,0,13,4451.22,5,5,5,555,15,Champions
17756.0,375,3,728.75,2,3,3,233,8,At Risk
17757.0,1,56,9074.05,5,5,5,555,15,Champions
17758.0,19,12,4964.03,5,5,5,555,15,Champions
17759.0,17,5,1261.88,5,4,4,544,13,Champions
17760.0,21,6,746.39,4,4,3,443,11,Loyal Customers
17761.0,32,1,712.78,4,2,3,423,9,Potential Loyalists
17762.0,456,1,129.75,1,2,1,121,4,Hibernating
17763.0,263,4,86.15,2,4,1,241,7,Others
17764.0,50,5,1513.57,4,4,4,444,12,Champions
17765.0,158,4,524.0,3,4,2,342,9,Others
17766.0,381,2,299.61,2,3,2,232,7,Others
17767.0,15,2,413.05,5,3,2,532,10,Potential Loyalists
17768.0,8,7,3292.73,5,4,5,545,14,Champions
17769.0,12,17,7053.38,5,5,5,555,15,Champions
17770.0,198,5,1143.27,2,4,3,243,9,At Risk
17771.0,56,4,387.41,4,4,2,442,10,Others
17772.0,10,3,360.75,5,3,2,532,10,Potential Loyalists
17773.0,514,2,575.37,1,3,2,132,6,Others
17774.0,96,9,3273.83,3,5,5,355,13,Loyal Customers
17775.0,254,1,56.4,2,2,1,221,5,Hibernating
17776.0,386,2,330.56,2,3,2,232,7,Others
17777.0,24,3,647.56,4,3,3,433,10,Potential Loyalists
17778.0,661,1,197.70000000000002,1,2,1,121,4,Hibernating
17779.0,21,3,650.32,4,3,3,433,10,Potential Loyalists
17780.0,667,3,346.56,1,3,2,132,6,Others
17781.0,159,2,188.02,3,3,1,331,7,Others
17782.0,382,2,679.02,2,3,3,233,8,At Risk
17783.0,72,3,376.96,3,3,2,332,8,Others
17784.0,550,1,112.86,1,2,1,121,4,Hibernating
17785.0,53,3,403.38,4,3,2,432,9,Potential Loyalists
17786.0,85,2,266.85,3,3,1,331,7,Others
17787.0,152,4,1817.54,3,4,4,344,11,Loyal Customers
17788.0,73,2,1117.9,3,3,3,333,9,Others
17789.0,281,2,397.15,2,3,2,232,7,Others
17790.0,26,20,2779.41,4,5,4,454,13,Champions
17791.0,29,1,106.1,4,2,1,421,7,Others
17792.0,467,2,368.35,1,3,2,132,6,Others
17793.0,25,1,300.34,4,2,2,422,8,Potential Loyalists
17794.0,686,2,147.3,1,3,1,131,5,Others
17795.0,179,2,342.83,3,3,2,332,8,Others
17796.0,40,7,1236.39,4,4,4,444,12,Champions
17797.0,22,8,1971.87,4,5,4,454,13,Champions
17798.0,581,1,178.07,1,2,1,121,4,Hibernating
17799.0,22,20,6246.93,4,5,5,455,14,Champions
17800.0,37,9,1187.21,4,5,3,453,12,Loyal Customers
17801.0,451,3,770.03,1,3,3,133,7,At Risk
17802.0,82,10,4946.22,3,5,5,355,13,Loyal Customers
17803.0,392,1,184.66,2,2,1,221,5,Hibernating
17804.0,376,3,383.78000000000003,2,3,2,232,7,Others
17805.0,73,2,927.03,3,3,3,333,9,Others
17806.0,11,1,546.04,5,2,2,522,9,Potential Loyalists
17807.0,395,3,437.87,2,3,2,232,7,Others
17808.0,548,4,262.64,1,4,1,141,6,Others
17809.0,16,20,10085.89,5,5,5,555,15,Champions
17810.0,668,2,373.16,1,3,2,132,6,Others
17811.0,4,47,9519.8,5,5,5,555,15,Champions
17812.0,12,7,911.99,5,4,3,543,12,Loyal Customers
17813.0,14,5,1698.07,5,4,4,544,13,Champions
17814.0,375,2,1609.37,2,3,4,234,9,At Risk
17815.0,393,1,591.96,2,2,2,222,6,Hibernating
17816.0,36,6,96.11,4,4,1,441,9,Others
17817.0,4,6,788.15,5,4,3,543,12,Loyal Customers
17818.0,737,1,124.78,1,2,1,121,4,Hibernating
17819.0,71,12,6021.05,3,5,5,355,13,Loyal Customers
17820.0,374,1,180.60999999999999,2,2,1,221,5,Hibernating
17821.0,406,1,334.62,2,2,2,222,6,Hibernating
17822.0,420,5,2162.93,1,4,4,144,9,At Risk
17823.0,421,2,449.25,1,3,2,132,6,Others
17824.0,51,1,298.4,4,2,2,422,8,Potential Loyalists
17825.0,598,4,701.96,1,4,3,143,8,At Risk
17826.0,374,1,133.34,2,2,1,221,5,Hibernating
17827.0,5,6,2376.17,5,4,4,544,13,Champions
17828.0,22,4,1820.09,4,4,4,444,12,Champions
17829.0,298,5,4756.74,2,4,5,245,11,At Risk
17830.0,1,3,398.7,5,3,2,532,10,Potential Loyalists
17831.0,33,1,35.400000000000006,4,2,1,421,7,Others
17832.0,49,1,155.37,4,2,1,421,7,Others
17833.0,723,1,338.46000000000004,1,2,2,122,5,Hibernating
17834.0,414,2,689.6700000000001,1,3,3,133,7,At Risk
17835.0,2,3,342.24,5,3,2,532,10,Potential Loyalists
17836.0,47,1,110.21000000000001,4,2,1,421,7,Others
17837.0,42,8,1541.23,4,5,4,454,13,Champions
17838.0,26,13,5604.64,4,5,5,455,14,Champions
17839.0,42,1,318.15,4,2,2,422,8,Potential Loyalists
17840.0,443,1,175.9,1,2,1,121,4,Hibernating
17841.0,1,211,68545.25,5,5,5,555,15,Champions
17842.0,602,1,430.69,1,2,2,122,5,Hibernating
17843.0,303,2,320.4,2,3,2,232,7,Others
17844.0,106,1,51.559999999999995,3,2,1,321,6,Others
17845.0,555,4,596.09,1,4,2,142,7,Others
17846.0,85,1,2033.1,3,2,4,324,9,Others
17847.0,515,2,129.69,1,3,1,131,5,Others
17848.0,81,30,3559.11,3,5,5,355,13,Loyal Customers
17849.0,218,8,1063.76,2,5,3,253,10,At Risk
17850.0,372,155,51208.87,2,5,5,255,12,At Risk
17851.0,422,6,1552.35,1,4,4,144,9,At Risk
17852.0,11,5,657.8100000000001,5,4,3,543,12,Loyal Customers
17853.0,407,3,1596.29,2,3,4,234,9,At Risk
17854.0,185,6,1068.5,3,4,3,343,10,Loyal Customers
17855.0,372,1,208.97,2,2,1,221,5,Hibernating
17856.0,1,4,1418.03,5,4,4,544,13,Champions
17857.0,4,24,27347.04,5,5,5,555,15,Champions
17858.0,5,30,12518.65,5,5,5,555,15,Champions
17859.0,304,1,141.92000000000002,2,2,1,221,5,Hibernating
17860.0,368,4,717.39,2,4,3,243,9,At Risk
17861.0,3,18,5088.29,5,5,5,555,15,Champions
17862.0,323,4,1254.89,2,4,4,244,10,At Risk
17863.0,59,12,5360.48,3,5,5,355,13,Loyal Customers
17864.0,12,5,876.57,5,4,3,543,12,Loyal Customers
17865.0,30,46,26312.190000000002,4,5,5,455,14,Champions
17866.0,142,3,1134.95,3,3,3,333,9,Others
17867.0,30,15,1582.0500000000002,4,5,4,454,13,Champions
17868.0,386,1,227.15,2,2,1,221,5,Hibernating
17869.0,107,7,813.64,3,4,3,343,10,Loyal Customers
17870.0,2,13,2753.29,5,5,4,554,14,Champions
17871.0,204,5,1068.95,2,4,3,243,9,At Risk
17872.0,381,1,235.87,2,2,1,221,5,Hibernating
17873.0,80,18,6265.33,3,5,5,355,13,Loyal Customers
17874.0,185,6,683.46,3,4,3,343,10,Loyal Customers
17875.0,688,1,167.1,1,2,1,121,4,Hibernating
17876.0,399,3,3424.02,2,3,5,235,10,At Risk
17877.0,170,1,237.61,3,2,1,321,6,Others
17878.0,43,3,1378.93,4,3,4,434,11,Potential Loyalists
17879.0,173,1,178.51999999999998,3,2,1,321,6,Others
17880.0,364,3,824.9200000000001,2,3,3,233,8,At Risk
17881.0,304,1,133.35000000000002,2,2,1,221,5,Hibernating
17882.0,379,2,291.56,2,3,2,232,7,Others
17883.0,3,7,988.42,5,4,3,543,12,Loyal Customers
17884.0,3,20,2698.47,5,5,4,554,14,Champions
17885.0,12,1,156.34,5,2,1,521,8,Others
17886.0,31,6,1572.55,4,4,4,444,12,Champions
17887.0,129,1,111.35,3,2,1,321,6,Others
17888.0,21,25,1807.44,4,5,4,454,13,Champions
17889.0,212,7,746.42,2,4,3,243,9,At Risk
17890.0,322,2,586.89,2,3,2,232,7,Others
17891.0,162,1,203.85999999999999,3,2,1,321,6,Others
17892.0,56,3,244.1,4,3,1,431,8,Others
17893.0,225,1,107.21,2,2,1,221,5,Hibernating
17894.0,71,18,2304.58,3,5,4,354,12,Loyal Customers
17895.0,44,1,95.45,4,2,1,421,7,Others
17896.0,23,1,256.32,4,2,1,421,7,Others
17897.0,172,9,2099.89,3,5,4,354,12,Loyal Customers
17898.0,85,4,299.18,3,4,2,342,9,Others
17899.0,159,1,154.55,3,2,1,321,6,Others
17900.0,190,2,112.19999999999999,2,3,1,231,6,Others
17901.0,29,3,260.08,4,3,1,431,8,Others
17902.0,546,1,216.39999999999998,1,2,1,121,4,Hibernating
17903.0,394,1,381.09000000000003,2,2,2,222,6,Hibernating
17904.0,21,1,181.07,4,2,1,421,7,Others
17905.0,71,13,2178.87,3,5,4,354,12,Loyal Customers
17906.0,247,1,72.9,2,2,1,221,5,Hibernating
17907.0,640,1,291.76,1,2,2,122,5,Hibernating
17908.0,373,5,1142.47,2,4,3,243,9,At Risk
17909.0,737,1,110.05,1,2,1,121,4,Hibernating
17910.0,726,1,261.7,1,2,1,121,4,Hibernating
17911.0,9,1,366.23,5,2,2,522,9,Potential Loyalists
17912.0,310,6,374.55,2,4,2,242,8,Others
17913.0,58,14,3429.29,4,5,5,455,14,Champions
17914.0,3,1,329.36,5,2,2,522,9,Potential Loyalists
17915.0,551,1,225.78,1,2,1,121,4,Hibernating
17916.0,628,2,43.87,1,3,1,131,5,Others
17917.0,45,3,335.03,4,3,2,432,9,Potential Loyalists
17918.0,500,3,396.39,1,3,2,132,6,Others
17919.0,88,2,1840.32,3,3,4,334,10,Others
17920.0,4,54,23581.78,5,5,5,555,15,Champions
17921.0,64,10,2394.36,3,5,4,354,12,Loyal Customers
17922.0,543,1,170.4,1,2,1,121,4,Hibernating
17923.0,282,3,497.0,2,3,2,232,7,Others
17924.0,11,8,3257.7000000000003,5,5,5,555,15,Champions
17925.0,372,1,244.08,2,2,1,221,5,Hibernating
17926.0,133,5,1035.49,3,4,3,343,10,Loyal Customers
17927.0,721,1,294.0,1,2,2,122,5,Hibernating
17928.0,45,3,341.24,4,3,2,432,9,Potential Loyalists
17929.0,11,12,3082.1,5,5,5,555,15,Champions
17930.0,35,13,4275.22,4,5,5,455,14,Champions
17931.0,134,14,3402.24,3,5,5,355,13,Loyal Customers
17932.0,29,3,1331.57,4,3,4,434,11,Potential Loyalists
17933.0,632,1,114.69,1,2,1,121,4,Hibernating
17934.0,51,3,1049.15,4,3,3,433,10,Potential Loyalists
17935.0,138,7,686.14,3,4,3,343,10,Loyal Customers
17936.0,5,1,380.13,5,2,2,522,9,Potential Loyalists
17937.0,8,7,4301.22,5,4,5,545,14,Champions
17938.0,420,1,144.29,1,2,1,121,4,Hibernating
17939.0,159,1,99.14,3,2,1,321,6,Others
17940.0,49,16,30306.79,4,5,5,455,14,Champions
17941.0,130,4,1433.28,3,4,4,344,11,Loyal Customers
17942.0,7,1,77.50000000000001,5,2,1,521,8,Others
17944.0,423,1,74.99,1,2,1,121,4,Hibernating
17945.0,696,3,360.35,1,3,2,132,6,Others
17946.0,233,2,149.57999999999998,2,3,1,231,6,Others
17947.0,37,1,176.68,4,2,1,421,7,Others
17948.0,147,1,358.56000000000006,3,2,2,322,7,Others
17949.0,1,118,117314.08,5,5,5,555,15,Champions
17950.0,72,7,1166.29,3,4,3,343,10,Loyal Customers
17951.0,39,4,1340.5800000000002,4,4,4,444,12,Champions
17952.0,378,4,788.46,2,4,3,243,9,At Risk
17953.0,540,1,159.17000000000002,1,2,1,121,4,Hibernating
17954.0,5,19,3804.38,5,5,5,555,15,Champions
17955.0,198,6,949.9,2,4,3,243,9,At Risk
17956.0,249,1,12.75,2,2,1,221,5,Hibernating
17957.0,66,1,111.68,3,2,1,321,6,Others
17958.0,116,2,973.88,3,3,3,333,9,Others
17959.0,592,1,140.75,1,2,1,121,4,Hibernating
17960.0,171,3,135.08,3,3,1,331,7,Others
17961.0,21,100,2866.74,4,5,4,454,13,Champions
17962.0,142,4,666.96,3,4,3,343,10,Loyal Customers
17963.0,471,4,643.16,1,4,3,143,8,At Risk
17964.0,31,2,463.21,4,3,2,432,9,Potential Loyalists
17965.0,37,29,7006.65,4,5,5,455,14,Champions
17966.0,37,10,1963.92,4,5,4,454,13,Champions
17967.0,371,2,223.42,2,3,1,231,6,Others
17968.0,373,4,590.4399999999999,2,4,2,242,8,Others
17969.0,166,20,2354.29,3,5,4,354,12,Loyal Customers
17970.0,211,1,562.79,2,2,2,222,6,Hibernating
17971.0,548,1,161.94,1,2,1,121,4,Hibernating
17972.0,241,1,135.19,2,2,1,221,5,Hibernating
17973.0,51,1,337.04,4,2,2,422,8,Potential Loyalists
17974.0,24,6,1739.09,4,4,4,444,12,Champions
17975.0,15,24,6696.33,5,5,5,555,15,Champions
17976.0,372,1,321.79,2,2,2,222,6,Hibernating
17977.0,29,2,1511.45,4,3,4,434,11,Potential Loyalists
17978.0,365,4,1159.99,2,4,3,243,9,At Risk
17979.0,35,4,732.41,4,4,3,443,11,Loyal Customers
17980.0,165,4,1012.72,3,4,3,343,10,Loyal Customers
17981.0,410,1,239.12,2,2,1,221,5,Hibernating
17982.0,680,1,138.18,1,2,1,121,4,Hibernating
17983.0,395,1,171.71,2,2,1,221,5,Hibernating
17984.0,145,5,1152.19,3,4,3,343,10,Loyal Customers
17985.0,22,1,631.35,4,2,3,423,9,Potential Loyalists
17986.0,56,1,20.8,4,2,1,421,7,Others
17987.0,185,5,965.4399999999999,3,4,3,343,10,Loyal Customers
17988.0,11,14,489.54,5,5,2,552,12,Others
17989.0,379,1,207.32999999999998,2,2,1,221,5,Hibernating
17990.0,236,6,1527.6100000000001,2,4,4,244,10,At Risk
17991.0,225,3,300.3,2,3,2,232,7,Others
17992.0,389,1,252.88,2,2,1,221,5,Hibernating
17993.0,617,1,225.99,1,2,1,121,4,Hibernating
17994.0,121,11,2270.0299999999997,3,5,4,354,12,Loyal Customers
17995.0,281,3,495.48,2,3,2,232,7,Others
17996.0,379,3,482.33,2,3,2,232,7,Others
17997.0,74,8,1962.46,3,5,4,354,12,Loyal Customers
17998.0,380,3,639.24,2,3,3,233,8,At Risk
17999.0,37,3,528.46,4,3,2,432,9,Potential Loyalists
18000.0,564,1,124.25,1,2,1,121,4,Hibernating
18001.0,12,6,924.14,5,4,3,543,12,Loyal Customers
18002.0,375,4,244.37,2,4,1,241,7,Others
18003.0,376,1,353.51,2,2,2,222,6,Hibernating
18004.0,362,1,157.92,2,2,1,221,5,Hibernating
18005.0,3,2,226.47,5,3,1,531,9,Others
18006.0,23,4,969.51,4,4,3,443,11,Loyal Customers
18007.0,392,1,215.22,2,2,1,221,5,Hibernating
18008.0,70,23,19759.079999999998,3,5,5,355,13,Loyal Customers
18009.0,235,8,2144.23,2,5,4,254,11,At Risk
18010.0,256,1,174.8,2,2,1,221,5,Hibernating
18011.0,373,2,410.79,2,3,2,232,7,Others
18012.0,723,1,115.3,1,2,1,121,4,Hibernating
18013.0,155,2,187.29,3,3,1,331,7,Others
18014.0,28,1,162.22,4,2,1,421,7,Others
18015.0,4,1,120.03,5,2,1,521,8,Others
18016.0,32,7,1954.56,4,4,4,444,12,Champions
18017.0,81,4,688.0,3,4,3,343,10,Loyal Customers
18018.0,108,4,297.99,3,4,2,342,9,Others
18019.0,51,1,38.45,4,2,1,421,7,Others
18020.0,543,1,190.48000000000002,1,2,1,121,4,Hibernating
18021.0,509,2,216.41,1,3,1,131,5,Others
18022.0,35,5,1507.25,4,4,4,444,12,Champions
18024.0,152,2,389.78,3,3,2,332,8,Others
18025.0,379,6,1177.72,2,4,3,243,9,At Risk
18026.0,500,2,2074.07,1,3,4,134,8,At Risk
18027.0,98,1,115.31,3,2,1,321,6,Others
18028.0,583,1,192.05,1,2,1,121,4,Hibernating
18029.0,642,1,433.77,1,2,2,122,5,Hibernating
18030.0,4,2,230.64999999999998,5,3,1,531,9,Others
18031.0,378,1,451.3,2,2,2,222,6,Hibernating
18032.0,334,1,73.5,2,2,1,221,5,Hibernating
18033.0,65,1,93.82000000000001,3,2,1,321,6,Others
18034.0,21,3,754.2,4,3,3,433,10,Potential Loyalists
18035.0,35,5,1260.23,4,4,4,444,12,Champions
18036.0,32,11,1545.49,4,5,4,454,13,Champions
18037.0,154,15,167.42,3,5,1,351,9,Others
18038.0,556,1,141.48,1,2,1,121,4,Hibernating
18039.0,374,4,548.22,2,4,2,242,8,Others
18040.0,19,2,357.20000000000005,5,3,2,532,10,Potential Loyalists
18041.0,11,38,8018.7699999999995,5,5,5,555,15,Champions
18042.0,53,2,281.15,4,3,1,431,8,Others
18043.0,24,3,529.29,4,3,2,432,9,Potential Loyalists
18044.0,4,18,3505.61,5,5,5,555,15,Champions
18045.0,45,1,178.34,4,2,1,421,7,Others
18046.0,649,1,189.63,1,2,1,121,4,Hibernating
18047.0,381,2,326.09,2,3,2,232,7,Others
18048.0,203,3,394.93,2,3,2,232,7,Others
18049.0,437,2,500.92,1,3,2,132,6,Others
18050.0,359,2,412.06,2,3,2,232,7,Others
18051.0,634,7,2282.28,1,4,4,144,9,At Risk
18052.0,564,1,10877.18,1,2,5,125,8,Others
18053.0,70,3,571.07,3,3,2,332,8,Others
18054.0,392,1,176.5,2,2,1,221,5,Hibernating
18055.0,7,14,10142.64,5,5,5,555,15,Champions
18056.0,288,2,554.6,2,3,2,232,7,Others
18057.0,393,3,1188.46,2,3,3,233,8,At Risk
18058.0,9,3,774.06,5,3,3,533,11,Potential Loyalists
18059.0,23,3,306.46,4,3,2,432,9,Potential Loyalists
18060.0,408,2,1185.46,2,3,3,233,8,At Risk
18061.0,21,28,6083.81,4,5,5,455,14,Champions
18062.0,173,6,1632.67,3,4,4,344,11,Loyal Customers
18063.0,390,2,186.60000000000002,2,3,1,231,6,Others
18064.0,133,11,4481.83,3,5,5,355,13,Loyal Customers
18065.0,5,29,5866.63,5,5,5,555,15,Champions
18066.0,75,3,1440.4,3,3,4,334,10,Others
18067.0,40,1,396.33,4,2,2,422,8,Potential Loyalists
18068.0,289,1,101.69999999999999,2,2,1,221,5,Hibernating
18069.0,26,11,4464.92,4,5,5,455,14,Champions
18070.0,669,1,314.1,1,2,2,122,5,Hibernating
18071.0,257,6,1169.68,2,4,3,243,9,At Risk
18072.0,185,1,247.44,3,2,1,321,6,Others
18073.0,114,12,3859.82,3,5,5,355,13,Loyal Customers
18074.0,373,2,1019.44,2,3,3,233,8,At Risk
18075.0,23,20,5783.29,4,5,5,455,14,Champions
18076.0,380,1,151.49,2,2,1,221,5,Hibernating
18077.0,8,18,4078.79,5,5,5,555,15,Champions
18078.0,217,4,725.53,2,4,3,243,9,At Risk
18079.0,45,5,4203.93,4,4,5,445,13,Champions
18080.0,18,2,1231.5,5,3,4,534,12,Potential Loyalists
18081.0,36,3,343.45,4,3,2,432,9,Potential Loyalists
18082.0,25,1,680.84,4,2,3,423,9,Potential Loyalists
18083.0,397,1,463.53,2,2,2,222,6,Hibernating
18084.0,16,3,795.2299999999999,5,3,3,533,11,Potential Loyalists
18085.0,330,4,1341.8500000000001,2,4,4,244,10,At Risk
18086.0,274,1,101.34,2,2,1,221,5,Hibernating
18087.0,98,17,14761.519999999999,3,5,5,355,13,Loyal Customers
18088.0,61,1,166.03,3,2,1,321,6,Others
18089.0,446,1,428.45,1,2,2,122,5,Hibernating
18090.0,421,1,321.9,1,2,2,122,5,Hibernating
18091.0,593,1,360.85,1,2,2,122,5,Hibernating
18092.0,2,18,14693.72,5,5,5,555,15,Champions
18093.0,93,8,4452.71,3,5,5,355,13,Loyal Customers
18094.0,81,13,6391.52,3,5,5,355,13,Loyal Customers
18095.0,312,5,2303.09,2,4,4,244,10,At Risk
18096.0,11,6,1657.87,5,4,4,544,13,Champions
18097.0,7,11,4627.92,5,5,5,555,15,Champions
18098.0,396,1,527.94,2,2,2,222,6,Hibernating
18099.0,127,1,168.31,3,2,1,321,6,Others
18100.0,550,1,451.56,1,2,2,122,5,Hibernating
18101.0,11,5,622.01,5,4,3,543,12,Loyal Customers
18102.0,0,145,580987.04,5,5,5,555,15,Champions
18103.0,549,1,105.8,1,2,1,121,4,Hibernating
18104.0,37,1,754.64,4,2,3,423,9,Potential Loyalists
18105.0,37,1,113.48000000000002,4,2,1,421,7,Others
18106.0,329,6,1441.06,2,4,4,244,10,At Risk
18107.0,442,1,165.88,1,2,1,121,4,Hibernating
18108.0,254,3,848.8100000000001,2,3,3,233,8,At Risk
18109.0,1,38,9555.71,5,5,5,555,15,Champions
18110.0,19,2,392.28000000000003,5,3,2,532,10,Potential Loyalists
18111.0,589,1,405.85,1,2,2,122,5,Hibernating
18112.0,12,4,773.36,5,4,3,543,12,Loyal Customers
18113.0,368,1,76.32000000000001,2,2,1,221,5,Hibernating
18114.0,290,1,220.1,2,2,1,221,5,Hibernating
18115.0,697,1,9.700000000000001,1,2,1,121,4,Hibernating
18116.0,67,13,2134.4900000000002,3,5,4,354,12,Loyal Customers
18117.0,25,1,315.65,4,2,2,422,8,Potential Loyalists
18118.0,10,29,6221.02,5,5,5,555,15,Champions
18119.0,367,1,180.7,2,2,1,221,5,Hibernating
18120.0,214,1,111.15,2,2,1,221,5,Hibernating
18121.0,149,2,653.3,3,3,3,333,9,Others
18122.0,8,6,1793.06,5,4,4,544,13,Champions
18123.0,24,3,666.64,4,3,3,433,10,Potential Loyalists
18124.0,472,1,102.65,1,2,1,121,4,Hibernating
18125.0,29,4,1131.75,4,4,3,443,11,Loyal Customers
18126.0,60,1,200.92000000000002,3,2,1,321,6,Others
18127.0,19,4,556.13,5,4,2,542,11,Others
18128.0,537,1,399.29,1,2,2,122,5,Hibernating
18129.0,243,1,112.55000000000001,2,2,1,221,5,Hibernating
18130.0,15,3,1059.39,5,3,3,533,11,Potential Loyalists
18131.0,631,1,222.95999999999998,1,2,1,121,4,Hibernating
18132.0,504,1,220.13,1,2,1,121,4,Hibernating
18133.0,212,1,931.4999999999999,2,2,3,223,7,Others
18134.0,598,2,445.0,1,3,2,132,6,Others
18135.0,29,10,1249.6200000000001,4,5,4,454,13,Champions
18136.0,63,5,1631.3600000000001,3,4,4,344,11,Loyal Customers
18137.0,551,2,145.99,1,3,1,131,5,Others
18138.0,295,1,152.65,2,2,1,221,5,Hibernating
18139.0,17,6,8438.34,5,4,5,545,14,Champions
18140.0,473,1,536.41,1,2,2,122,5,Hibernating
18141.0,401,2,882.47,2,3,3,233,8,At Risk
18142.0,157,2,1019.52,3,3,3,333,9,Others
18143.0,116,2,1000.16,3,3,3,333,9,Others
18144.0,7,19,4892.95,5,5,5,555,15,Champions
18145.0,12,11,5609.74,5,5,5,555,15,Champions
18146.0,140,2,160.35000000000002,3,3,1,331,7,Others
18147.0,45,2,179.33999999999997,4,3,1,431,8,Others
18148.0,646,1,112.85000000000001,1,2,1,121,4,Hibernating
18149.0,50,7,1553.96,4,4,4,444,12,Champions
18150.0,32,3,566.58,4,3,2,432,9,Potential Loyalists
18151.0,134,6,1879.44,3,4,4,344,11,Loyal Customers
18152.0,646,1,426.69,1,2,2,122,5,Hibernating
18153.0,659,1,246.22,1,2,1,121,4,Hibernating
18154.0,3,5,932.6,5,4,3,543,12,Loyal Customers
18155.0,75,3,371.62,3,3,2,332,8,Others
18156.0,12,2,675.64,5,3,3,533,11,Potential Loyalists
18157.0,571,1,213.9,1,2,1,121,4,Hibernating
18158.0,9,2,453.4,5,3,2,532,10,Potential Loyalists
18159.0,301,1,530.15,2,2,2,222,6,Hibernating
18160.0,57,3,1003.88,4,3,3,433,10,Potential Loyalists
18161.0,15,6,1803.1000000000001,5,4,4,544,13,Champions
18162.0,732,1,371.51,1,2,2,122,5,Hibernating
18163.0,584,1,728.84,1,2,3,123,6,Others
18164.0,37,1,399.65000000000003,4,2,2,422,8,Potential Loyalists
18165.0,177,1,302.46000000000004,3,2,2,322,7,Others
18166.0,623,1,175.5,1,2,1,121,4,Hibernating
18167.0,23,3,1384.8600000000001,4,3,4,434,11,Potential Loyalists
18168.0,176,16,3435.5,3,5,5,355,13,Loyal Customers
18169.0,60,1,202.65,3,2,1,321,6,Others
18170.0,33,9,2878.0,4,5,4,454,13,Champions
18171.0,58,9,2437.31,4,5,4,454,13,Champions
18172.0,14,52,17467.24,5,5,5,555,15,Champions
18173.0,86,5,2696.36,3,4,4,344,11,Loyal Customers
18174.0,7,2,162.5,5,3,1,531,9,Others
18175.0,675,1,176.1,1,2,1,121,4,Hibernating
18176.0,358,1,476.35,2,2,2,222,6,Hibernating
18177.0,31,9,2216.32,4,5,4,454,13,Champions
18178.0,128,11,6103.74,3,5,5,355,13,Loyal Customers
18179.0,9,8,2547.55,5,5,4,554,14,Champions
18180.0,4,6,1843.75,5,4,4,544,13,Champions
18181.0,24,5,1188.34,4,4,3,443,11,Loyal Customers
18182.0,463,1,291.13,1,2,2,122,5,Hibernating
18183.0,227,2,632.07,2,3,3,233,8,At Risk
18184.0,15,1,49.8,5,2,1,521,8,Others
18185.0,249,1,304.25,2,2,2,222,6,Hibernating
18186.0,722,1,329.58,1,2,2,122,5,Hibernating
18187.0,631,1,724.89,1,2,3,123,6,Others
18188.0,15,6,3280.59,5,4,5,545,14,Champions
18189.0,77,3,1403.73,3,3,4,334,10,Others
18190.0,192,5,745.62,2,4,3,243,9,At Risk
18191.0,261,2,529.4,2,3,2,232,7,Others
18192.0,71,1,957.97,3,2,3,323,8,Others
18193.0,165,3,1207.35,3,3,3,333,9,Others
18194.0,82,6,4162.04,3,4,5,345,12,Loyal Customers
18195.0,387,1,101.16,2,2,1,221,5,Hibernating
18196.0,95,4,1457.19,3,4,4,344,11,Loyal Customers
18197.0,575,1,230.1,1,2,1,121,4,Hibernating
18198.0,4,17,5425.56,5,5,5,555,15,Champions
18199.0,683,1,344.75,1,2,2,122,5,Hibernating
18200.0,106,1,150.35,3,2,1,321,6,Others
18201.0,722,1,447.53000000000003,1,2,2,122,5,Hibernating
18202.0,199,3,1396.99,2,3,4,234,9,At Risk
18203.0,157,4,492.52,3,4,2,342,9,Others
18204.0,71,3,1975.35,3,3,4,334,10,Others
18205.0,36,2,517.36,4,3,2,432,9,Potential Loyalists
18206.0,553,1,314.65999999999997,1,2,2,122,5,Hibernating
18207.0,499,1,544.47,1,2,2,122,5,Hibernating
18208.0,565,1,360.08,1,2,2,122,5,Hibernating
18209.0,28,1,139.10000000000002,4,2,1,421,7,Others
18210.0,1,7,2768.83,5,4,4,544,13,Champions
18211.0,25,5,600.07,4,4,2,442,10,Others
18212.0,326,2,514.37,2,3,2,232,7,Others
18213.0,236,1,232.48000000000002,2,2,1,221,5,Hibernating
18214.0,530,4,1780.34,1,4,4,144,9,At Risk
18215.0,89,5,2232.4900000000002,3,4,4,344,11,Loyal Customers
18216.0,31,1,481.75,4,2,2,422,8,Potential Loyalists
18217.0,29,4,945.04,4,4,3,443,11,Loyal Customers
18218.0,211,4,1121.84,2,4,3,243,9,At Risk
18219.0,2,17,3352.7000000000003,5,5,5,555,15,Champions
18220.0,226,6,1921.76,2,4,4,244,10,At Risk
18221.0,22,6,1424.94,4,4,4,444,12,Champions
18222.0,92,1,443.0,3,2,2,322,7,Others
18223.0,4,26,14000.85,5,5,5,555,15,Champions
18224.0,263,1,158.95000000000002,2,2,1,221,5,Hibernating
18225.0,3,26,13014.8,5,5,5,555,15,Champions
18226.0,44,26,11878.88,4,5,5,455,14,Champions
18227.0,217,2,388.75,2,3,2,232,7,Others
18228.0,56,2,779.9,4,3,3,433,10,Potential Loyalists
18229.0,11,28,10150.51,5,5,5,555,15,Champions
18230.0,9,9,4291.06,5,5,5,555,15,Champions
18231.0,192,28,6854.17,2,5,5,255,12,At Risk
18232.0,81,4,592.97,3,4,2,342,9,Others
18233.0,325,1,440.0,2,2,2,222,6,Hibernating
18234.0,551,1,179.6,1,2,1,121,4,Hibernating
18235.0,71,3,1796.48,3,3,4,334,10,Others
18236.0,29,12,1795.3500000000001,4,5,4,454,13,Champions
18237.0,2,5,987.1,5,4,3,543,12,Loyal Customers
18238.0,515,1,270.92,1,2,1,121,4,Hibernating
18239.0,218,6,1712.26,2,4,4,244,10,At Risk
18240.0,46,1,422.58,4,2,2,422,8,Potential Loyalists
18241.0,9,21,2986.9900000000002,5,5,5,555,15,Champions
18242.0,72,8,3605.21,3,5,5,355,13,Loyal Customers
18243.0,414,1,515.78,1,2,2,122,5,Hibernating
18244.0,430,2,568.64,1,3,2,132,6,Others
18245.0,7,20,6324.9800000000005,5,5,5,555,15,Champions
18246.0,23,3,758.8199999999999,4,3,3,433,10,Potential Loyalists
18247.0,414,3,839.73,1,3,3,133,7,At Risk
18248.0,122,2,804.02,3,3,3,333,9,Others
18249.0,17,1,95.34,5,2,1,521,8,Others
18250.0,310,1,349.27,2,2,2,222,6,Hibernating
18251.0,87,9,26278.86,3,5,5,355,13,Loyal Customers
18252.0,50,7,1533.69,4,4,4,444,12,Champions
18253.0,642,1,317.88,1,2,2,122,5,Hibernating
18254.0,581,1,267.9,1,2,1,121,4,Hibernating
18255.0,89,2,303.15,3,3,2,332,8,Others
18256.0,387,1,110.7,2,2,1,221,5,Hibernating
18257.0,39,12,4600.15,4,5,5,455,14,Champions
18258.0,464,6,2059.67,1,4,4,144,9,At Risk
18259.0,24,7,3941.9,4,4,5,445,13,Champions
18260.0,172,23,9947.26,3,5,5,355,13,Loyal Customers
18261.0,43,2,324.24,4,3,2,432,9,Potential Loyalists
18262.0,140,3,577.54,3,3,2,332,8,Others
18263.0,25,3,1213.1599999999999,4,3,3,433,10,Potential Loyalists
18264.0,498,1,603.25,1,2,2,122,5,Hibernating
18265.0,72,2,801.51,3,3,3,333,9,Others
18266.0,434,1,251.1,1,2,1,121,4,Hibernating
18267.0,672,1,269.37,1,2,1,121,4,Hibernating
18268.0,134,6,1490.23,3,4,4,344,11,Loyal Customers
18269.0,366,1,168.6,2,2,1,221,5,Hibernating
18270.0,38,3,444.55,4,3,2,432,9,Potential Loyalists
18271.0,609,2,680.85,1,3,3,133,7,At Risk
18272.0,2,9,4385.9800000000005,5,5,5,555,15,Champions
18273.0,2,4,357.0,5,4,2,542,11,Others
18274.0,30,1,175.92,4,2,1,421,7,Others
18275.0,578,2,741.85,1,3,3,133,7,At Risk
18276.0,43,6,1656.52,4,4,4,444,12,Champions
18277.0,58,5,1180.05,4,4,3,443,11,Loyal Customers
18278.0,73,2,414.20000000000005,3,3,2,332,8,Others
18279.0,519,1,231.33999999999997,1,2,1,121,4,Hibernating
18280.0,277,2,488.15000000000003,2,3,2,232,7,Others
18281.0,180,2,201.14,3,3,1,331,7,Others
18282.0,7,2,178.05,5,3,1,531,9,Others
18283.0,3,22,2664.9,5,5,4,554,14,Champions
18284.0,431,1,461.68,1,2,2,122,5,Hibernating
18285.0,660,1,427.0,1,2,2,122,5,Hibernating
18286.0,476,2,1296.43,1,3,4,134,8,At Risk
18287.0,42,7,4182.99,4,4,5,445,13,Champions
